F. Emision,ID Item,Barcode,C. Custom,Modelo,Descripción,Talla,Color,Cant. Equi.,F. Fin,U.Medida,Cant. Fis.,F. Ing.,Cant. Ing.,F. Sal.,Cant. Sal.,Stock Actual,Stock Equi.,P. Unitario,P. Total,F. Import,Marca
01/10/2023,584,603010010000000,,J0001,APAGA VELA,.,.,,,UNI,1,,0,,0,1,,21.5,21.5,01/10/2023,JARDIN DEL ZEN
01/10/2023,585,603010020000000,,J0002,CANASTA CHICA,.,.,,11/11/2024,UNI,3,,0,11/11/2024,1,2,,13.9,27.8,01/10/2023,JARDIN DEL ZEN
01/10/2023,606,603010060000000,,J0006,ESPONJA TEJIDA,.,.,,13/02/2024,UNI,2,08/01/2024,2,13/02/2024,3,1,,5.9,5.9,01/10/2023,JARDIN DEL ZEN
01/10/2023,607,603010070000000,,J0007,ESPONJA VEGETAL-LOOFA,.,.,,12/11/2024,UNI,2,20/09/2024,11,12/11/2024,12,1,,12.9,12.9,01/10/2023,JARDIN DEL ZEN
01/10/2023,577,603010100000000,,J0010,PORTA INCIENSO LARGO,.,.,,15/11/2024,UNI,8,15/11/2024,38,11/11/2024,44,2,,15,30,01/10/2023,JARDIN DEL ZEN
01/10/2023,608,603010110000000,,J0011,PORTA POTPOURRI S/ POTPOURRI,.,.,,10/11/2024,UNI,1,20/08/2024,1,10/11/2024,2,0,,40.5,0,01/10/2023,JARDIN DEL ZEN
01/10/2023,609,603010120000000,,J0012,POSA VELA CERÁMICA GRANDE,.,.,,28/09/2024,UNI,3,13/08/2024,6,28/09/2024,7,2,,27.5,55,01/10/2023,JARDIN DEL ZEN
18/12/2023,362,602010010140003,,J0021,AROMATIZADOR BAMBOO 180 ML AMOR,180 ML,AMOR,,17/11/2024,UNI,0,04/11/2024,17,17/11/2024,16,1,,79.9,79.9,,JARDIN DEL ZEN
06/11/2023,363,602010010140005,,J0021,AROMATIZADOR BAMBOO 180 ML ARMONÍA,180 ML,ARMONÍA,,10/11/2024,UNI,0,04/11/2024,15,10/11/2024,15,0,,79.9,0,,JARDIN DEL ZEN
31/05/2024,364,602010010140024,,J0021,AROMATIZADOR BAMBOO 180 ML ENERGÍA,180 ML,ENERGÍA,,15/11/2024,UNI,0,15/11/2024,12,15/11/2024,12,0,,79.9,0,,JARDIN DEL ZEN
01/10/2023,655,602010010140026,,J0021,AROMATIZADOR BAMBOO 180 ML EUCALIPTO,180 ML,EUCALIPTO,,27/09/2024,UNI,1,27/09/2024,2,16/09/2024,2,1,,79.9,79.9,01/10/2023,JARDIN DEL ZEN
06/11/2023,365,602010010140028,,J0021,AROMATIZADOR BAMBOO 180 ML FELICIDAD,180 ML,FELICIDAD,,15/11/2024,UNI,0,04/11/2024,27,15/11/2024,27,0,,79.9,0,,JARDIN DEL ZEN
06/11/2023,366,602010010140031,,J0021,AROMATIZADOR BAMBOO 180 ML HIERBA LUISA,180 ML,HIERBA LUISA,,12/11/2024,UNI,0,04/11/2024,13,12/11/2024,13,0,,79.9,0,,JARDIN DEL ZEN
17/11/2023,367,602010010140035,,J0021,AROMATIZADOR BAMBOO 180 ML LAVANDA,180 ML,LAVANDA,,01/11/2024,UNI,0,11/10/2024,9,01/11/2024,8,1,,79.9,79.9,,JARDIN DEL ZEN
10/08/2024,368,602010010140041,,J0021,AROMATIZADOR BAMBOO 180 ML MANDARINA,180 ML,MANDARINA,,14/08/2024,UNI,0,14/08/2024,2,10/08/2024,1,1,,79.9,79.9,,JARDIN DEL ZEN
06/11/2023,369,602010010140043,,J0021,AROMATIZADOR BAMBOO 180 ML MANZANA CANELA,180 ML,MANZANA CANELA,,12/11/2024,UNI,0,04/11/2024,33,12/11/2024,33,0,,79.9,0,,JARDIN DEL ZEN
01/10/2023,370,602010010140056,,J0021,AROMATIZADOR BAMBOO 180 ML ORQUIDEA BLANCA,180 ML,ORQUIDEA BLANCA,,18/11/2024,UNI,5,15/11/2024,69,18/11/2024,74,0,,95,0,01/10/2023,JARDIN DEL ZEN
08/01/2024,371,602010010140062,,J0021,AROMATIZADOR BAMBOO 180 ML ROSAS,180 ML,ROSAS,,18/10/2024,UNI,0,12/08/2024,7,18/10/2024,5,2,,79.9,159.8,,JARDIN DEL ZEN
06/11/2023,372,602010010140065,,J0021,AROMATIZADOR BAMBOO 180 ML SERENIDAD,180 ML,SERENIDAD,,17/11/2024,UNI,0,04/11/2024,34,17/11/2024,33,1,,79.9,79.9,,JARDIN DEL ZEN
06/11/2023,667,602010010140083,,J0021,AROMATIZADOR BAMBOO 180 ML TÉ VERBENA,180 ML,TÉ VERBENA,,01/11/2024,UNI,0,25/10/2024,14,01/11/2024,14,0,,79.9,0,,JARDIN DEL ZEN
17/11/2023,373,602010010140067,,J0021,AROMATIZADOR BAMBOO 180 ML TE VERDE,180 ML,TE VERDE,,08/11/2024,UNI,0,08/11/2024,18,27/10/2024,16,2,,79.9,159.8,,JARDIN DEL ZEN
06/11/2023,374,602010010140073,,J0021,AROMATIZADOR BAMBOO 180 ML TRANQ.,180 ML,TRANQ.,,13/11/2024,UNI,0,13/11/2024,42,13/11/2024,42,0,,79.9,0,,JARDIN DEL ZEN
17/11/2023,375,602010010140078,,J0021,AROMATIZADOR BAMBOO 180 ML VAINILLA,180 ML,VAINILLA,,15/11/2024,UNI,0,15/11/2024,15,06/11/2024,13,2,,79.9,159.8,,JARDIN DEL ZEN
01/10/2023,736,602010020140003,,J0022,AROMATIZADOR BAMBOO REPUESTO 180 ML AMOR,180 ML,AMOR,,25/10/2024,UNI,1,25/10/2024,4,02/10/2024,4,1,,57.9,57.9,01/10/2023,JARDIN DEL ZEN
10/10/2023,376,602010020140005,,J0022,AROMATIZADOR BAMBOO REPUESTO 180 ML ARMONÍA,180 ML,ARMONÍA,,06/11/2024,UNI,0,04/11/2024,3,06/11/2024,2,1,,57.9,57.9,,JARDIN DEL ZEN
31/05/2024,377,602010020140024,,J0022,AROMATIZADOR BAMBOO REPUESTO 180 ML ENERGÍA,180 ML,ENERGÍA,,09/11/2024,UNI,0,11/10/2024,5,09/11/2024,5,0,,57.9,0,,JARDIN DEL ZEN
13/09/2024,737,602010020140026,,J0022,AROMATIZADOR BAMBOO REPUESTO 180 ML EUCALIPTO,180 ML,EUCALIPTO,,13/09/2024,UNI,0,13/09/2024,1,,0,1,,57.9,57.9,,JARDIN DEL ZEN
01/10/2023,738,602010020140028,,J0022,AROMATIZADOR BAMBOO REPUESTO 180 ML FELICIDAD,180 ML,FELICIDAD,,01/11/2024,UNI,1,04/10/2024,10,01/11/2024,11,0,,57.9,0,01/10/2023,JARDIN DEL ZEN
10/10/2023,378,602010020140031,,J0022,AROMATIZADOR BAMBOO REPUESTO 180 ML HIERBA LUISA,180 ML,HIERBA LUISA,,27/05/2024,UNI,0,27/05/2024,4,21/04/2024,3,1,,57.9,57.9,,JARDIN DEL ZEN
22/12/2023,739,602010020140035,,J0022,AROMATIZADOR BAMBOO REPUESTO 180 ML LAVANDA,180 ML,LAVANDA,,08/07/2024,UNI,0,08/07/2024,2,14/04/2024,1,1,,57.9,57.9,,JARDIN DEL ZEN
13/09/2024,740,602010020140041,,J0022,AROMATIZADOR BAMBOO REPUESTO 180 ML MANDARINA,180 ML,MANDARINA,,13/09/2024,UNI,0,13/09/2024,1,,0,1,,57.9,57.9,,JARDIN DEL ZEN
01/10/2023,379,602010020140043,,J0022,AROMATIZADOR BAMBOO REPUESTO 180 ML MANZANA CANELA,180 ML,MANZANA CANELA,,08/07/2024,UNI,1,08/07/2024,5,30/06/2024,5,1,,57.9,57.9,01/10/2023,JARDIN DEL ZEN
01/10/2023,720,602010020140056,,J0022,AROMATIZADOR BAMBOO REPUESTO 180 ML ORQUIDEA BLANCA,180 ML,ORQUIDEA BLANCA,,17/11/2024,UNI,3,04/11/2024,17,17/11/2024,19,1,,69.9,69.9,01/10/2023,JARDIN DEL ZEN
06/09/2024,742,602010020140062,,J0022,AROMATIZADOR BAMBOO REPUESTO 180 ML ROSAS,180 ML,ROSAS,,06/09/2024,UNI,0,06/09/2024,1,,0,1,,57.9,57.9,,JARDIN DEL ZEN
10/10/2023,652,602010020140065,,J0022,AROMATIZADOR BAMBOO REPUESTO 180 ML SERENIDAD,180 ML,SERENIDAD,,28/10/2024,UNI,0,25/10/2024,9,28/10/2024,9,0,,57.9,0,,JARDIN DEL ZEN
01/10/2023,743,602010020140083,,J0022,AROMATIZADOR BAMBOO REPUESTO 180 ML TÉ VERBENA,180 ML,TÉ VERBENA,,22/03/2024,UNI,1,22/03/2024,3,17/12/2023,2,2,,57.9,115.8,01/10/2023,JARDIN DEL ZEN
01/10/2023,380,602010020140067,,J0022,AROMATIZADOR BAMBOO REPUESTO 180 ML TE VERDE,180 ML,TE VERDE,,03/09/2024,UNI,1,20/08/2024,7,03/09/2024,6,2,,57.9,115.8,01/10/2023,JARDIN DEL ZEN
01/10/2023,381,602010020140073,,J0022,AROMATIZADOR BAMBOO REPUESTO 180 ML TRANQ.,180 ML,TRANQ.,,18/11/2024,UNI,1,04/11/2024,11,18/11/2024,12,0,,57.9,0,01/10/2023,JARDIN DEL ZEN
22/12/2023,768,602010020140078,,J0022,AROMATIZADOR BAMBOO REPUESTO 180 ML VAINILLA,180 ML,VAINILLA,,13/09/2024,UNI,0,13/09/2024,4,07/09/2024,3,1,,57.9,57.9,,JARDIN DEL ZEN
01/10/2023,622,602030010000000,,J0024,CAJONERAS,.,.,,13/11/2024,UNI,2,24/10/2023,3,13/11/2024,5,0,,28.5,0,01/10/2023,JARDIN DEL ZEN
01/10/2023,408,602070010040002,,J0028,FRAGANCIA 10 ML ALMENDRAS,10 ML,ALMENDRAS,,06/11/2023,UNI,2,,0,06/11/2023,0,2,,39.9,79.8,01/10/2023,JARDIN DEL ZEN
01/10/2023,438,602070010050002,,J0028,FRAGANCIA 20 ML ALMENDRAS,20 ML,ALMENDRAS,,15/11/2024,UNI,2,15/11/2024,1,03/09/2024,1,2,,49.9,99.8,01/10/2023,JARDIN DEL ZEN
01/10/2023,468,602070010070002,,J0028,FRAGANCIA 30 ML ALMENDRAS,30 ML,ALMENDRAS,,12/08/2024,UNI,2,12/08/2024,1,,0,3,,65,195,01/10/2023,JARDIN DEL ZEN
01/10/2023,469,602070010070003,,J0028,FRAGANCIA 30 ML AMOR,30 ML,AMOR,,18/10/2024,UNI,6,27/05/2024,8,18/10/2024,11,3,,65,195,01/10/2023,JARDIN DEL ZEN
06/11/2023,410,602070010040004,,J0028,FRAGANCIA 10 ML ANTI STRESS,10 ML,ANTI STRESS,,31/05/2024,UNI,0,31/05/2024,5,31/05/2024,3,2,,39.9,79.8,,JARDIN DEL ZEN
01/10/2023,440,602070010050004,,J0028,FRAGANCIA 20 ML ANTI STRESS,20 ML,ANTI STRESS,,04/09/2024,UNI,2,04/09/2024,3,31/05/2024,2,3,,49.9,149.7,01/10/2023,JARDIN DEL ZEN
01/10/2023,470,602070010070004,,J0028,FRAGANCIA 30 ML ANTI STRESS,30 ML,ANTI STRESS,,15/11/2024,UNI,2,15/11/2024,2,09/11/2024,2,2,,65,130,01/10/2023,JARDIN DEL ZEN
01/10/2023,471,602070010070005,,J0028,FRAGANCIA 30 ML ARMONÍA,30 ML,ARMONÍA,,15/11/2024,UNI,4,15/11/2024,20,10/11/2024,18,6,,65,390,01/10/2023,JARDIN DEL ZEN
01/10/2023,412,602070010040008,,J0028,FRAGANCIA 10 ML BAMBOO,10 ML,BAMBOO,,13/05/2024,UNI,4,13/05/2024,8,30/04/2024,10,2,,39.9,79.8,01/10/2023,JARDIN DEL ZEN
01/10/2023,442,602070010050008,,J0028,FRAGANCIA 20 ML BAMBOO,20 ML,BAMBOO,,15/11/2024,UNI,2,15/11/2024,9,14/10/2024,9,2,,49.9,99.8,01/10/2023,JARDIN DEL ZEN
01/10/2023,472,602070010070008,,J0028,FRAGANCIA 30 ML BAMBOO,30 ML,BAMBOO,,08/11/2024,UNI,1,08/11/2024,11,24/10/2024,8,4,,65,260,01/10/2023,JARDIN DEL ZEN
01/10/2023,413,602070010040013,,J0028,FRAGANCIA 10 ML CANELA,10 ML,CANELA,,21/10/2024,UNI,3,08/01/2024,3,21/10/2024,6,0,,39.9,0,01/10/2023,JARDIN DEL ZEN
01/10/2023,443,602070010050013,,J0028,FRAGANCIA 20 ML CANELA,20 ML,CANELA,,18/10/2024,UNI,2,18/10/2024,8,09/10/2024,8,2,,49.9,99.8,01/10/2023,JARDIN DEL ZEN
01/10/2023,473,602070010070013,,J0028,FRAGANCIA 30 ML CANELA,30 ML,CANELA,,15/11/2024,UNI,2,15/11/2024,9,08/11/2024,9,2,,65,130,01/10/2023,JARDIN DEL ZEN
18/10/2024,1097,602070010040089,,J0028,FRAGANCIA 10 ML CAPPUCCINO,10 ML,CAPPUCCINO,,04/11/2024,UNI,0,04/11/2024,3,,0,3,,39.9,119.7,,JARDIN DEL ZEN
18/10/2024,1098,602070010050089,,J0028,FRAGANCIA 20 ML CAPPUCCINO,20 ML,CAPPUCCINO,,18/10/2024,UNI,0,18/10/2024,2,,0,2,,49.9,99.8,,JARDIN DEL ZEN
18/10/2024,1099,602070010070089,,J0028,FRAGANCIA 30 ML CAPPUCCINO,30 ML,CAPPUCCINO,,25/10/2024,UNI,0,25/10/2024,6,19/10/2024,2,4,,65,260,,JARDIN DEL ZEN
01/10/2023,414,602070010040015,,J0028,FRAGANCIA 10 ML CHIRIMOYA,10 ML,CHIRIMOYA,,,UNI,2,,0,,0,2,,39.9,79.8,01/10/2023,JARDIN DEL ZEN
01/10/2023,444,602070010050015,,J0028,FRAGANCIA 20 ML CHIRIMOYA,20 ML,CHIRIMOYA,,17/12/2023,UNI,2,,0,17/12/2023,1,1,,49.9,49.9,01/10/2023,JARDIN DEL ZEN
01/10/2023,474,602070010070015,,J0028,FRAGANCIA 30 ML CHIRIMOYA,30 ML,CHIRIMOYA,,,UNI,1,,0,,0,1,,65,65,01/10/2023,JARDIN DEL ZEN
01/10/2023,415,602070010040020,,J0028,FRAGANCIA 10 ML COCO,10 ML,COCO,,15/11/2024,UNI,2,15/11/2024,5,03/09/2024,5,2,,39.9,79.8,01/10/2023,JARDIN DEL ZEN
01/10/2023,445,602070010050020,,J0028,FRAGANCIA 20 ML COCO,20 ML,COCO,,15/11/2024,UNI,2,15/11/2024,5,03/09/2024,5,2,,49.9,99.8,01/10/2023,JARDIN DEL ZEN
01/10/2023,475,602070010070020,,J0028,FRAGANCIA 30 ML COCO,30 ML,COCO,,15/11/2024,UNI,2,15/11/2024,6,28/08/2024,6,2,,65,130,01/10/2023,JARDIN DEL ZEN
20/05/2024,476,602070010070024,,J0028,FRAGANCIA 30 ML ENERGÍA,30 ML,ENERGÍA,,15/11/2024,UNI,0,15/11/2024,35,10/11/2024,29,6,,65,390,,JARDIN DEL ZEN
01/10/2023,417,602070010040025,,J0028,FRAGANCIA 10 ML ENERGIZANTE,10 ML,ENERGIZANTE,,15/11/2024,UNI,1,15/11/2024,4,02/07/2024,3,2,,39.9,79.8,01/10/2023,JARDIN DEL ZEN
01/10/2023,447,602070010050025,,J0028,FRAGANCIA 20 ML ENERGIZANTE,20 ML,ENERGIZANTE,,15/11/2024,UNI,2,15/11/2024,4,18/10/2024,4,2,,49.9,99.8,01/10/2023,JARDIN DEL ZEN
06/11/2023,477,602070010070025,,J0028,FRAGANCIA 30 ML ENERGIZANTE,30 ML,ENERGIZANTE,,15/11/2024,UNI,0,15/11/2024,6,28/08/2024,4,2,,65,130,,JARDIN DEL ZEN
01/10/2023,418,602070010040026,,J0028,FRAGANCIA 10 ML EUCALIPTO,10 ML,EUCALIPTO,,24/11/2023,UNI,2,24/11/2023,1,18/11/2023,1,2,,39.9,79.8,01/10/2023,JARDIN DEL ZEN
01/10/2023,448,602070010050026,,J0028,FRAGANCIA 20 ML EUCALIPTO,20 ML,EUCALIPTO,,15/11/2024,UNI,2,15/11/2024,4,14/09/2024,4,2,,49.9,99.8,01/10/2023,JARDIN DEL ZEN
01/10/2023,478,602070010070026,,J0028,FRAGANCIA 30 ML EUCALIPTO,30 ML,EUCALIPTO,,04/10/2024,UNI,2,04/10/2024,7,25/09/2024,7,2,,65,130,01/10/2023,JARDIN DEL ZEN
24/12/2023,876,602070010050028,,J0028,FRAGANCIA 20 ML FELICIDAD,20 ML,FELICIDAD,,24/12/2023,UNI,0,,0,24/12/2023,0,0,,49.9,0,,JARDIN DEL ZEN
01/10/2023,479,602070010070028,,J0028,FRAGANCIA 30 ML FELICIDAD,30 ML,FELICIDAD,,17/11/2024,UNI,5,15/11/2024,61,17/11/2024,62,4,,65,260,01/10/2023,JARDIN DEL ZEN
01/10/2023,420,602070010040031,,J0028,FRAGANCIA 10 ML HIERBA LUISA,10 ML,HIERBA LUISA,,23/03/2024,UNI,3,08/01/2024,3,23/03/2024,4,2,,39.9,79.8,01/10/2023,JARDIN DEL ZEN
01/10/2023,450,602070010050031,,J0028,FRAGANCIA 20 ML HIERBA LUISA,20 ML,HIERBA LUISA,,08/07/2024,UNI,2,08/07/2024,5,29/06/2024,5,2,,49.9,99.8,01/10/2023,JARDIN DEL ZEN
01/10/2023,480,602070010070031,,J0028,FRAGANCIA 30 ML HIERBA LUISA,30 ML,HIERBA LUISA,,09/11/2024,UNI,5,04/09/2024,3,09/11/2024,6,2,,65,130,01/10/2023,JARDIN DEL ZEN
04/11/2024,1103,602070010040090,,J0028,FRAGANCIA 10 ML HIERBA LUISA  SILVESTRE,10 ML,HIERBA LUISA  SILVESTRE,,04/11/2024,UNI,0,04/11/2024,1,,0,1,,39.9,39.9,,JARDIN DEL ZEN
04/11/2024,1104,602070010050090,,J0028,FRAGANCIA 20 ML HIERBA LUISA  SILVESTRE,20 ML,HIERBA LUISA  SILVESTRE,,04/11/2024,UNI,0,04/11/2024,1,,0,1,,49.9,49.9,,JARDIN DEL ZEN
04/11/2024,1105,602070010070090,,J0028,FRAGANCIA 30 ML HIERBA LUISA  SILVESTRE,30 ML,HIERBA LUISA  SILVESTRE,,04/11/2024,UNI,0,04/11/2024,1,,0,1,,65,65,,JARDIN DEL ZEN
06/11/2023,421,602070010040033,,J0028,FRAGANCIA 10 ML JAZMIN,10 ML,JAZMIN,,02/08/2024,UNI,0,08/01/2024,4,02/08/2024,2,2,,39.9,79.8,,JARDIN DEL ZEN
01/10/2023,451,602070010050033,,J0028,FRAGANCIA 20 ML JAZMIN,20 ML,JAZMIN,,08/01/2024,UNI,3,08/01/2024,1,17/12/2023,2,2,,49.9,99.8,01/10/2023,JARDIN DEL ZEN
06/11/2023,481,602070010070033,,J0028,FRAGANCIA 30 ML JAZMIN,30 ML,JAZMIN,,20/08/2024,UNI,0,20/08/2024,4,,0,4,,65,260,,JARDIN DEL ZEN
01/10/2023,422,602070010040035,,J0028,FRAGANCIA 10 ML LAVANDA,10 ML,LAVANDA,,15/11/2024,UNI,2,15/11/2024,9,27/10/2024,9,2,,39.9,79.8,01/10/2023,JARDIN DEL ZEN
01/10/2023,452,602070010050035,,J0028,FRAGANCIA 20 ML LAVANDA,20 ML,LAVANDA,,25/09/2024,UNI,2,04/09/2024,6,25/09/2024,6,2,,49.9,99.8,01/10/2023,JARDIN DEL ZEN
01/10/2023,482,602070010070035,,J0028,FRAGANCIA 30 ML LAVANDA,30 ML,LAVANDA,,08/11/2024,UNI,3,04/11/2024,8,08/11/2024,8,3,,65,195,01/10/2023,JARDIN DEL ZEN
01/10/2023,423,602070010040038,,J0028,FRAGANCIA 10 ML LIMON,10 ML,LIMON,,,UNI,3,,0,,0,3,,39.9,119.7,01/10/2023,JARDIN DEL ZEN
01/10/2023,453,602070010050038,,J0028,FRAGANCIA 20 ML LIMON,20 ML,LIMON,,03/10/2024,UNI,1,31/05/2024,3,03/10/2024,3,1,,49.9,49.9,01/10/2023,JARDIN DEL ZEN
01/10/2023,483,602070010070038,,J0028,FRAGANCIA 30 ML LIMON,30 ML,LIMON,,08/07/2024,UNI,4,08/07/2024,2,06/07/2024,3,3,,65,195,01/10/2023,JARDIN DEL ZEN
01/10/2023,424,602070010040041,,J0028,FRAGANCIA 10 ML MANDARINA,10 ML,MANDARINA,,15/11/2024,UNI,3,15/11/2024,1,18/10/2024,3,1,,39.9,39.9,01/10/2023,JARDIN DEL ZEN
01/10/2023,454,602070010050041,,J0028,FRAGANCIA 20 ML MANDARINA,20 ML,MANDARINA,,31/05/2024,UNI,2,31/05/2024,3,31/05/2024,3,2,,49.9,99.8,01/10/2023,JARDIN DEL ZEN
01/10/2023,484,602070010070041,,J0028,FRAGANCIA 30 ML MANDARINA,30 ML,MANDARINA,,08/11/2024,UNI,2,08/11/2024,3,18/10/2024,5,0,,65,0,01/10/2023,JARDIN DEL ZEN
01/10/2023,425,602070010040042,,J0028,FRAGANCIA 10 ML MANZANA,10 ML,MANZANA,,15/11/2024,UNI,2,15/11/2024,2,05/09/2024,2,2,,39.9,79.8,01/10/2023,JARDIN DEL ZEN
01/10/2023,455,602070010050042,,J0028,FRAGANCIA 20 ML MANZANA,20 ML,MANZANA,,23/02/2024,UNI,2,23/02/2024,2,23/01/2024,2,2,,49.9,99.8,01/10/2023,JARDIN DEL ZEN
01/10/2023,485,602070010070042,,J0028,FRAGANCIA 30 ML MANZANA,30 ML,MANZANA,,04/09/2024,UNI,1,04/09/2024,4,11/10/2023,1,4,,65,260,01/10/2023,JARDIN DEL ZEN
01/10/2023,427,602070010040050,,J0028,FRAGANCIA 10 ML MENTA,10 ML,MENTA,,08/01/2024,UNI,1,08/01/2024,2,15/11/2023,1,2,,39.9,79.8,01/10/2023,JARDIN DEL ZEN
01/10/2023,457,602070010050050,,J0028,FRAGANCIA 20 ML MENTA,20 ML,MENTA,,15/11/2024,UNI,2,15/11/2024,4,17/09/2024,4,2,,49.9,99.8,01/10/2023,JARDIN DEL ZEN
01/10/2023,487,602070010070050,,J0028,FRAGANCIA 30 ML MENTA,30 ML,MENTA,,,UNI,2,,0,,0,2,,65,130,01/10/2023,JARDIN DEL ZEN
01/10/2023,428,602070010040053,,J0028,FRAGANCIA 10 ML MUÑA,10 ML,MUÑA,,04/09/2024,UNI,2,04/09/2024,1,01/07/2024,1,2,,39.9,79.8,01/10/2023,JARDIN DEL ZEN
01/10/2023,458,602070010050053,,J0028,FRAGANCIA 20 ML MUÑA,20 ML,MUÑA,,,UNI,2,,0,,0,2,,49.9,99.8,01/10/2023,JARDIN DEL ZEN
01/10/2023,488,602070010070053,,J0028,FRAGANCIA 30 ML MUÑA,30 ML,MUÑA,,04/09/2024,UNI,2,04/09/2024,4,27/05/2024,4,2,,65,130,01/10/2023,JARDIN DEL ZEN
01/10/2023,429,602070010040056,,J0028,FRAGANCIA 10 ML ORQUIDEA BLANCA,10 ML,ORQUIDEA BLANCA,,16/11/2024,UNI,2,15/11/2024,19,16/11/2024,21,0,,39.9,0,01/10/2023,JARDIN DEL ZEN
01/10/2023,459,602070010050056,,J0028,FRAGANCIA 20 ML ORQUIDEA BLANCA,20 ML,ORQUIDEA BLANCA,,18/11/2024,UNI,3,15/11/2024,12,18/11/2024,13,2,,49.9,99.8,01/10/2023,JARDIN DEL ZEN
01/10/2023,489,602070010070056,,J0028,FRAGANCIA 30 ML ORQUIDEA BLANCA,30 ML,ORQUIDEA BLANCA,,16/11/2024,UNI,6,15/11/2024,60,16/11/2024,63,3,,65,195,01/10/2023,JARDIN DEL ZEN
01/10/2023,430,602070010040059,,J0028,FRAGANCIA 10 ML REFRESCANTE,10 ML,REFRESCANTE,,13/11/2023,UNI,3,,0,13/11/2023,1,2,,39.9,79.8,01/10/2023,JARDIN DEL ZEN
01/10/2023,460,602070010050059,,J0028,FRAGANCIA 20 ML REFRESCANTE,20 ML,REFRESCANTE,,24/11/2023,UNI,1,24/11/2023,1,,0,2,,49.9,99.8,01/10/2023,JARDIN DEL ZEN
01/10/2023,490,602070010070059,,J0028,FRAGANCIA 30 ML REFRESCANTE,30 ML,REFRESCANTE,,,UNI,2,,0,,0,2,,65,130,01/10/2023,JARDIN DEL ZEN
01/10/2023,431,602070010040060,,J0028,FRAGANCIA 10 ML RELAJANTE,10 ML,RELAJANTE,,04/09/2024,UNI,2,04/09/2024,11,02/07/2024,10,3,,39.9,119.7,01/10/2023,JARDIN DEL ZEN
01/10/2023,461,602070010050060,,J0028,FRAGANCIA 20 ML RELAJANTE,20 ML,RELAJANTE,,16/04/2024,UNI,2,18/12/2023,4,16/04/2024,4,2,,49.9,99.8,01/10/2023,JARDIN DEL ZEN
06/11/2023,491,602070010070060,,J0028,FRAGANCIA 30 ML RELAJANTE,30 ML,RELAJANTE,,08/10/2024,UNI,0,04/09/2024,10,08/10/2024,8,2,,65,130,,JARDIN DEL ZEN
01/10/2023,432,602070010040062,,J0028,FRAGANCIA 10 ML ROSAS,10 ML,ROSAS,,18/10/2024,UNI,1,18/10/2024,5,18/09/2024,5,1,,39.9,39.9,01/10/2023,JARDIN DEL ZEN
01/10/2023,462,602070010050062,,J0028,FRAGANCIA 20 ML ROSAS,20 ML,ROSAS,,28/10/2024,UNI,1,23/02/2024,3,28/10/2024,3,1,,49.9,49.9,01/10/2023,JARDIN DEL ZEN
01/10/2023,492,602070010070062,,J0028,FRAGANCIA 30 ML ROSAS,30 ML,ROSAS,,12/08/2024,UNI,3,12/08/2024,1,,0,4,,65,260,01/10/2023,JARDIN DEL ZEN
13/11/2023,433,602070010040064,,J0028,FRAGANCIA 10 ML SANDALO,10 ML,SANDALO,,15/11/2024,UNI,0,15/11/2024,8,09/11/2024,6,2,,39.9,79.8,,JARDIN DEL ZEN
01/10/2023,463,602070010050064,,J0028,FRAGANCIA 20 ML SANDALO,20 ML,SANDALO,,11/10/2024,UNI,2,13/05/2024,5,11/10/2024,5,2,,49.9,99.8,01/10/2023,JARDIN DEL ZEN
01/10/2023,493,602070010070064,,J0028,FRAGANCIA 30 ML SANDALO,30 ML,SANDALO,,13/10/2024,UNI,3,20/08/2024,6,13/10/2024,4,5,,65,325,01/10/2023,JARDIN DEL ZEN
01/10/2023,494,602070010070065,,J0028,FRAGANCIA 30 ML SERENIDAD,30 ML,SERENIDAD,,15/11/2024,UNI,5,15/11/2024,68,13/11/2024,67,6,,65,390,01/10/2023,JARDIN DEL ZEN
25/10/2024,1100,602070010040084,,J0028,FRAGANCIA 10 ML TE BLANCO,10 ML,TE BLANCO,,15/11/2024,UNI,0,15/11/2024,2,,0,2,,39.9,79.8,,JARDIN DEL ZEN
25/10/2024,1101,602070010050084,,J0028,FRAGANCIA 20 ML TE BLANCO,20 ML,TE BLANCO,,25/10/2024,UNI,0,25/10/2024,2,,0,2,,49.9,99.8,,JARDIN DEL ZEN
25/10/2024,1102,602070010070084,,J0028,FRAGANCIA 30 ML TE BLANCO,30 ML,TE BLANCO,,25/10/2024,UNI,0,25/10/2024,2,,0,2,,65,130,,JARDIN DEL ZEN
01/10/2023,872,602070010040083,,J0028,FRAGANCIA 10 ML TÉ VERBENA,10 ML,TÉ VERBENA,,15/11/2024,UNI,2,15/11/2024,5,04/11/2024,5,2,,39.9,79.8,01/10/2023,JARDIN DEL ZEN
01/10/2023,879,602070010050083,,J0028,FRAGANCIA 20 ML TÉ VERBENA,20 ML,TÉ VERBENA,,15/11/2024,UNI,3,15/11/2024,6,21/10/2024,7,2,,49.9,99.8,01/10/2023,JARDIN DEL ZEN
01/10/2023,880,602070010070083,,J0028,FRAGANCIA 30 ML TÉ VERBENA,30 ML,TÉ VERBENA,,25/10/2024,UNI,2,25/10/2024,10,18/10/2024,10,2,,65,130,01/10/2023,JARDIN DEL ZEN
01/10/2023,435,602070010040067,,J0028,FRAGANCIA 10 ML TE VERDE,10 ML,TE VERDE,,15/11/2024,UNI,2,15/11/2024,7,28/07/2024,7,2,,39.9,79.8,01/10/2023,JARDIN DEL ZEN
01/10/2023,465,602070010050067,,J0028,FRAGANCIA 20 ML TE VERDE,20 ML,TE VERDE,,13/08/2024,UNI,3,13/08/2024,6,20/05/2024,5,4,,49.9,199.6,01/10/2023,JARDIN DEL ZEN
01/10/2023,495,602070010070067,,J0028,FRAGANCIA 30 ML TE VERDE,30 ML,TE VERDE,,20/09/2024,UNI,2,20/09/2024,11,03/09/2024,9,4,,65,260,01/10/2023,JARDIN DEL ZEN
01/10/2023,496,602070010070073,,J0028,FRAGANCIA 30 ML TRANQ.,30 ML,TRANQ.,,13/11/2024,UNI,5,08/11/2024,69,13/11/2024,70,4,,65,260,01/10/2023,JARDIN DEL ZEN
10/10/2023,437,602070010040078,,J0028,FRAGANCIA 10 ML VAINILLA,10 ML,VAINILLA,,03/09/2024,UNI,0,12/10/2023,4,03/09/2024,2,2,,39.9,79.8,,JARDIN DEL ZEN
10/10/2023,467,602070010050078,,J0028,FRAGANCIA 20 ML VAINILLA,20 ML,VAINILLA,,06/05/2024,UNI,0,06/05/2024,6,24/04/2024,4,2,,49.9,99.8,,JARDIN DEL ZEN
01/10/2023,497,602070010070078,,J0028,FRAGANCIA 30 ML VAINILLA,30 ML,VAINILLA,,31/10/2024,UNI,3,13/08/2024,8,31/10/2024,8,3,,65,195,01/10/2023,JARDIN DEL ZEN
01/10/2023,820,602070020040000,,J0029,FRAGANCIA DE REGALO 10 ML,10 ML,.,,23/04/2024,UNI,4,,0,23/04/2024,4,0,,1,0,01/10/2023,JARDIN DEL ZEN
01/10/2023,536,602080010380003,,J0049,INCIENSO AMOR,.,AMOR,,04/10/2024,UNI,7,04/10/2024,28,29/09/2024,27,8,,29.9,239.2,01/10/2023,JARDIN DEL ZEN
01/10/2023,537,602080010380005,,J0049,INCIENSO ARMONÍA,.,ARMONÍA,,15/11/2024,UNI,8,04/09/2024,19,15/11/2024,21,6,,29.9,179.4,01/10/2023,JARDIN DEL ZEN
01/10/2023,538,602080010380024,,J0049,INCIENSO ENERGÍA,.,ENERGÍA,,17/11/2024,UNI,8,18/10/2024,62,17/11/2024,65,5,,29.9,149.5,01/10/2023,JARDIN DEL ZEN
01/10/2023,539,602080010380028,,J0049,INCIENSO FELICIDAD,.,FELICIDAD,,19/10/2024,UNI,10,18/10/2024,43,19/10/2024,46,7,,29.9,209.3,01/10/2023,JARDIN DEL ZEN
01/10/2023,540,602080010380065,,J0049,INCIENSO SERENIDAD,.,SERENIDAD,,10/11/2024,UNI,5,18/10/2024,42,10/11/2024,42,5,,29.9,149.5,01/10/2023,JARDIN DEL ZEN
01/10/2023,541,602080010380073,,J0049,INCIENSO TRANQ.,.,TRANQ.,,11/11/2024,UNI,8,18/10/2024,49,11/11/2024,52,5,,29.9,149.5,01/10/2023,JARDIN DEL ZEN
01/10/2023,520,602040010300004,,J0050,CONO POTPOURRI 100 GR ANTI STRESS,100 GR,ANTI STRESS,,04/11/2024,UNI,2,04/11/2024,5,24/10/2024,6,1,,48.5,48.5,01/10/2023,JARDIN DEL ZEN
01/03/2024,890,602040010470004,,J0050,CONO POTPOURRI 1 KG ANTI STRESS,1 KG,ANTI STRESS,,12/04/2024,UNI,0,12/04/2024,1,01/03/2024,1,0,,290,0,,JARDIN DEL ZEN
01/10/2023,623,602040010300080,,J0050,CONO POTPOURRI 100 GR AROMAS DEL BOSQUE,100 GR,AROMAS DEL BOSQUE,,11/11/2024,UNI,1,08/11/2024,7,11/11/2024,8,0,,48.5,0,01/10/2023,JARDIN DEL ZEN
01/10/2023,521,602040010300025,,J0050,CONO POTPOURRI 100 GR ENERGIZANTE,100 GR,ENERGIZANTE,,11/11/2024,UNI,2,08/11/2024,3,11/11/2024,5,0,,48.5,0,01/10/2023,JARDIN DEL ZEN
22/12/2023,522,602040010300059,,J0050,CONO POTPOURRI 100 GR REFRESCANTE,100 GR,REFRESCANTE,,27/10/2024,UNI,0,20/09/2024,4,27/10/2024,4,0,,48.5,0,,JARDIN DEL ZEN
01/10/2023,523,602040010300060,,J0050,CONO POTPOURRI 100 GR RELAJANTE,100 GR,RELAJANTE,,15/11/2024,UNI,2,15/11/2024,8,08/11/2024,9,1,,48.5,48.5,01/10/2023,JARDIN DEL ZEN
01/10/2023,524,602040010300078,,J0050,CONO POTPOURRI 100 GR VAINILLA,100 GR,VAINILLA,,11/11/2024,UNI,1,08/11/2024,4,11/11/2024,5,0,,48.5,0,01/10/2023,JARDIN DEL ZEN
01/10/2023,382,602020020210003,,J0058,SPRAY AROMATIZADOR 550 ML AMOR,550 ML,AMOR,,03/09/2024,UNI,11,14/08/2024,71,03/09/2024,82,0,,65,0,01/10/2023,JARDIN DEL ZEN
08/10/2023,383,602020020210005,,J0058,SPRAY AROMATIZADOR 550 ML ARMONÍA,550 ML,ARMONÍA,,16/11/2024,UNI,0,18/10/2024,132,16/11/2024,127,5,,65,325,,JARDIN DEL ZEN
01/10/2023,384,602020020210020,,J0058,SPRAY AROMATIZADOR 550 ML COCO,550 ML,COCO,,15/11/2024,UNI,3,15/11/2024,18,01/11/2024,16,5,,65,325,01/10/2023,JARDIN DEL ZEN
01/10/2023,385,602020020210024,,J0058,SPRAY AROMATIZADOR 550 ML ENERGÍA,550 ML,ENERGÍA,,15/11/2024,UNI,10,04/11/2024,164,15/11/2024,167,7,,65,455,01/10/2023,JARDIN DEL ZEN
01/10/2023,386,602020020210028,,J0058,SPRAY AROMATIZADOR 550 ML FELICIDAD,550 ML,FELICIDAD,,17/11/2024,UNI,10,08/11/2024,305,17/11/2024,292,23,,65,1495,01/10/2023,JARDIN DEL ZEN
01/10/2023,400,602020020070031,,J0058,SPRAY AROMATIZADOR 30 ML HIERBA LUISA,30 ML,HIERBA LUISA,,08/11/2024,UNI,4,13/05/2024,11,08/11/2024,11,4,,22.9,91.6,01/10/2023,JARDIN DEL ZEN
01/10/2023,387,602020020210031,,J0058,SPRAY AROMATIZADOR 550 ML HIERBA LUISA,550 ML,HIERBA LUISA,,12/11/2024,UNI,14,20/08/2024,34,12/11/2024,39,9,,65,585,01/10/2023,JARDIN DEL ZEN
01/10/2023,401,602020020070035,,J0058,SPRAY AROMATIZADOR 30 ML LAVANDA,30 ML,LAVANDA,,08/11/2024,UNI,3,11/10/2024,24,08/11/2024,25,2,,22.9,45.8,01/10/2023,JARDIN DEL ZEN
01/10/2023,388,602020020210035,,J0058,SPRAY AROMATIZADOR 550 ML LAVANDA,550 ML,LAVANDA,,15/11/2024,UNI,2,15/11/2024,49,14/11/2024,47,4,,65,260,01/10/2023,JARDIN DEL ZEN
01/10/2023,402,602020020070043,,J0058,SPRAY AROMATIZADOR 30 ML MANZANA CANELA,30 ML,MANZANA CANELA,,14/11/2024,UNI,2,12/08/2024,11,14/11/2024,10,3,,22.9,68.7,01/10/2023,JARDIN DEL ZEN
01/10/2023,389,602020020210043,,J0058,SPRAY AROMATIZADOR 550 ML MANZANA CANELA,550 ML,MANZANA CANELA,,04/10/2024,UNI,4,04/09/2024,16,04/10/2024,15,5,,65,325,01/10/2023,JARDIN DEL ZEN
01/10/2023,390,602020020210056,,J0058,SPRAY AROMATIZADOR 550 ML ORQUIDEA BLANCA,550 ML,ORQUIDEA BLANCA,,17/11/2024,UNI,10,15/11/2024,385,17/11/2024,369,26,,65,1690,01/10/2023,JARDIN DEL ZEN
01/10/2023,391,602020020210065,,J0058,SPRAY AROMATIZADOR 550 ML SERENIDAD,550 ML,SERENIDAD,,15/11/2024,UNI,14,15/11/2024,510,15/11/2024,490,34,,65,2210,01/10/2023,JARDIN DEL ZEN
01/10/2023,666,602020020210083,,J0058,SPRAY AROMATIZADOR 550 ML TÉ VERBENA,550 ML,TÉ VERBENA,,05/10/2024,UNI,9,13/09/2024,34,05/10/2024,37,6,,65,390,01/10/2023,JARDIN DEL ZEN
01/10/2023,405,602020020070067,,J0058,SPRAY AROMATIZADOR 30 ML TE VERDE,30 ML,TE VERDE,,15/11/2024,UNI,2,15/11/2024,22,15/11/2024,20,4,,22.9,91.6,01/10/2023,JARDIN DEL ZEN
01/10/2023,392,602020020210067,,J0058,SPRAY AROMATIZADOR 550 ML TE VERDE,550 ML,TE VERDE,,04/11/2024,UNI,18,04/11/2024,93,02/11/2024,105,6,,65,390,01/10/2023,JARDIN DEL ZEN
01/10/2023,393,602020020210073,,J0058,SPRAY AROMATIZADOR 550 ML TRANQ.,550 ML,TRANQ.,,18/11/2024,UNI,15,15/11/2024,539,18/11/2024,550,4,,65,260,01/10/2023,JARDIN DEL ZEN
01/10/2023,407,602020020070078,,J0058,SPRAY AROMATIZADOR 30 ML VAINILLA,30 ML,VAINILLA,,04/09/2024,UNI,3,04/09/2024,11,29/08/2024,9,5,,22.9,114.5,01/10/2023,JARDIN DEL ZEN
01/10/2023,394,602020020210078,,J0058,SPRAY AROMATIZADOR 550 ML VAINILLA,550 ML,VAINILLA,,06/11/2024,UNI,4,20/08/2024,23,06/11/2024,24,3,,65,195,01/10/2023,JARDIN DEL ZEN
01/10/2023,616,602060010000000,,J0063,FAROLA,.,.,,27/12/2023,UNI,2,,0,27/12/2023,1,1,,105.9,105.9,01/10/2023,JARDIN DEL ZEN
01/10/2023,735,602060020000010,,J0064,VELA BOTÁNICA BRISAS DEL MAR,.,BRISAS DEL MAR,,08/11/2024,UNI,2,08/11/2024,9,27/10/2024,10,1,,59.9,59.9,01/10/2023,JARDIN DEL ZEN
01/10/2023,617,602060020000013,,J0064,VELA BOTÁNICA CANELA,.,CANELA,,15/11/2024,UNI,1,15/11/2024,22,09/11/2024,22,1,,59.9,59.9,01/10/2023,JARDIN DEL ZEN
01/10/2023,618,602060020000017,,J0064,VELA BOTÁNICA CHOCOLATE,.,CHOCOLATE,,15/11/2024,UNI,2,15/11/2024,18,17/10/2024,18,2,,59.9,119.8,01/10/2023,JARDIN DEL ZEN
01/12/2023,619,602060020000026,,J0064,VELA BOTÁNICA EUCALIPTO,.,EUCALIPTO,,02/10/2024,UNI,0,13/09/2024,7,02/10/2024,7,0,,59.9,0,,JARDIN DEL ZEN
01/10/2023,620,602060020000055,,J0064,VELA BOTÁNICA NARANJA,.,NARANJA,,08/11/2024,UNI,4,08/11/2024,6,03/09/2024,9,1,,59.9,59.9,01/10/2023,JARDIN DEL ZEN
01/10/2023,621,602060020000062,,J0064,VELA BOTÁNICA ROSAS,.,ROSAS,,08/11/2024,UNI,2,08/11/2024,12,13/10/2024,12,2,,59.9,119.8,01/10/2023,JARDIN DEL ZEN
01/10/2023,602,605010010000000,,J0066,ALMOHADILLA DE CINTURA,.,.,,14/11/2024,UNI,5,06/09/2024,12,14/11/2024,15,2,,84.9,169.8,01/10/2023,JARDIN DEL ZEN
01/10/2023,603,605010020000000,,J0067,ALMOHADILLA DE CUELLO,.,.,,11/11/2024,UNI,7,27/09/2024,44,11/11/2024,47,4,,84.9,339.6,01/10/2023,JARDIN DEL ZEN
01/10/2023,604,605010030000000,,J0068,ALMOHADILLA DE ENSUEÑO,.,.,,08/11/2024,UNI,3,08/11/2024,17,07/10/2024,15,5,,52.9,264.5,01/10/2023,JARDIN DEL ZEN
01/10/2023,651,605020010040082,,J0069,ESENCIA 10 ML ADIOS ANSIEDAD,10 ML,ADIOS ANSIEDAD,,15/11/2024,UNI,7,25/10/2024,73,15/11/2024,76,4,,79.9,319.6,01/10/2023,JARDIN DEL ZEN
01/10/2023,525,605020010040011,,J0069,ESENCIA 10 ML BUENAS NOCHES,10 ML,BUENAS NOCHES,,10/11/2024,UNI,4,25/10/2024,56,10/11/2024,55,5,,79.9,399.5,01/10/2023,JARDIN DEL ZEN
01/10/2023,526,605020010040048,,J0069,ESENCIA 10 ML ME SIENTO SEXY,10 ML,ME SIENTO SEXY,,20/09/2024,UNI,2,20/09/2024,3,11/09/2024,3,2,,79.9,159.8,01/10/2023,JARDIN DEL ZEN
01/10/2023,527,605020010040052,,J0069,ESENCIA 10 ML MIGRA FREE,10 ML,MIGRA FREE,,20/10/2024,UNI,10,07/10/2024,20,20/10/2024,22,8,,79.9,639.2,01/10/2023,JARDIN DEL ZEN
01/10/2023,528,605020010040061,,J0069,ESENCIA 10 ML RESPIRO Y SUSPIRO,10 ML,RESPIRO Y SUSPIRO,,03/09/2024,UNI,8,08/07/2024,4,03/09/2024,3,9,,79.9,719.1,01/10/2023,JARDIN DEL ZEN
01/10/2023,529,605020010040066,,J0069,ESENCIA 10 ML STRESS FREE,10 ML,STRESS FREE,,12/11/2024,UNI,11,08/11/2024,56,12/11/2024,62,5,,79.9,399.5,01/10/2023,JARDIN DEL ZEN
01/10/2023,576,605030010000000,,J0071,KIT JARDIN DEL ZEN,.,.,,23/01/2024,UNI,1,08/01/2024,1,23/01/2024,1,1,,65,65,01/10/2023,JARDIN DEL ZEN
01/10/2023,228,601010010080002,,J0072,ACEITE NUTRITIVO 34 ML ALMENDRAS,34 ML,ALMENDRAS,,15/11/2024,UNI,4,08/11/2024,12,15/11/2024,11,5,,22.9,114.5,01/10/2023,JARDIN DEL ZEN
01/10/2023,229,601010010120002,,J0072,ACEITE NUTRITIVO 120 ML ALMENDRAS,120 ML,ALMENDRAS,,08/11/2024,UNI,6,08/11/2024,32,26/10/2024,30,8,,49.9,399.2,01/10/2023,JARDIN DEL ZEN
01/10/2023,230,601010010080020,,J0072,ACEITE NUTRITIVO 34 ML COCO,34 ML,COCO,,04/09/2024,UNI,2,04/09/2024,7,28/06/2024,5,4,,22.9,91.6,01/10/2023,JARDIN DEL ZEN
01/10/2023,233,601010010360020,,J0072,ACEITE NUTRITIVO 200 GR COCO,200 GR,COCO,,08/11/2024,UNI,2,08/11/2024,8,01/11/2024,8,2,,62,124,01/10/2023,JARDIN DEL ZEN
27/07/2024,998,601010010040068,,J0072,ACEITE NUTRITIVO 10 ML TIARE,10 ML,TIARE,,22/10/2024,UNI,0,22/10/2024,1,24/09/2024,1,0,,0,0,,JARDIN DEL ZEN
01/10/2023,962,601010010080068,,J0072,ACEITE NUTRITIVO 34 ML TIARE,34 ML,TIARE,,06/11/2024,UNI,4,04/11/2024,17,06/11/2024,17,4,,22.9,91.6,01/10/2023,JARDIN DEL ZEN
01/10/2023,235,601010010120068,,J0072,ACEITE NUTRITIVO 120 ML TIARE,120 ML,TIARE,,14/11/2024,UNI,10,15/11/2024,53,14/11/2024,62,1,,58.9,58.9,01/10/2023,JARDIN DEL ZEN
01/10/2023,236,601010010120069,,J0072,ACEITE NUTRITIVO 120 ML TIARE+JOJOBA,120 ML,TIARE+JOJOBA,,12/11/2024,UNI,13,04/11/2024,24,12/11/2024,35,2,,72.9,145.8,01/10/2023,JARDIN DEL ZEN
01/10/2023,252,601010050080003,,J0076,ACEITE PARA MASAJES 34 ML AMOR,34 ML,AMOR,,11/11/2024,UNI,2,12/08/2024,11,11/11/2024,13,0,,22.9,0,01/10/2023,JARDIN DEL ZEN
01/10/2023,258,601010050180003,,J0076,ACEITE PARA MASAJES 240 ML AMOR,240 ML,AMOR,,27/09/2024,UNI,2,27/09/2024,9,09/09/2024,9,2,,69.9,139.8,01/10/2023,JARDIN DEL ZEN
01/10/2023,253,601010050080005,,J0076,ACEITE PARA MASAJES 34 ML ARMONÍA,34 ML,ARMONÍA,,15/11/2024,UNI,2,15/11/2024,13,06/11/2024,12,3,,22.9,68.7,01/10/2023,JARDIN DEL ZEN
01/10/2023,259,601010050180005,,J0076,ACEITE PARA MASAJES 240 ML ARMONÍA,240 ML,ARMONÍA,,08/11/2024,UNI,2,08/11/2024,10,22/10/2024,10,2,,69.9,139.8,01/10/2023,JARDIN DEL ZEN
01/10/2023,254,601010050080024,,J0076,ACEITE PARA MASAJES 34 ML ENERGÍA,34 ML,ENERGÍA,,18/11/2024,UNI,2,04/11/2024,22,18/11/2024,23,1,,22.9,22.9,01/10/2023,JARDIN DEL ZEN
01/10/2023,260,601010050180024,,J0076,ACEITE PARA MASAJES 240 ML ENERGÍA,240 ML,ENERGÍA,,18/11/2024,UNI,2,04/11/2024,18,18/11/2024,19,1,,69.9,69.9,01/10/2023,JARDIN DEL ZEN
01/10/2023,255,601010050080028,,J0076,ACEITE PARA MASAJES 34 ML FELICIDAD,34 ML,FELICIDAD,,18/11/2024,UNI,1,08/11/2024,22,18/11/2024,21,2,,22.9,45.8,01/10/2023,JARDIN DEL ZEN
01/10/2023,261,601010050180028,,J0076,ACEITE PARA MASAJES 240 ML FELICIDAD,240 ML,FELICIDAD,,15/11/2024,UNI,3,15/11/2024,18,09/11/2024,19,2,,69.9,139.8,01/10/2023,JARDIN DEL ZEN
01/10/2023,256,601010050080065,,J0076,ACEITE PARA MASAJES 34 ML SERENIDAD,34 ML,SERENIDAD,,15/11/2024,UNI,2,12/08/2024,15,15/11/2024,17,0,,22.9,0,01/10/2023,JARDIN DEL ZEN
01/10/2023,262,601010050180065,,J0076,ACEITE PARA MASAJES 240 ML SERENIDAD,240 ML,SERENIDAD,,15/11/2024,UNI,3,15/11/2024,20,06/11/2024,21,2,,69.9,139.8,01/10/2023,JARDIN DEL ZEN
01/10/2023,257,601010050080073,,J0076,ACEITE PARA MASAJES 34 ML TRANQ.,34 ML,TRANQ.,,15/11/2024,UNI,3,15/11/2024,23,09/11/2024,23,3,,22.9,68.7,01/10/2023,JARDIN DEL ZEN
01/10/2023,263,601010050180073,,J0076,ACEITE PARA MASAJES 240 ML TRANQ.,240 ML,TRANQ.,,18/11/2024,UNI,3,15/11/2024,26,18/11/2024,28,1,,69.9,69.9,01/10/2023,JARDIN DEL ZEN
01/10/2023,276,601030010130003,,J0079,BURBUJAS DE BAÑO 173 ML AMOR,173 ML,AMOR,,27/05/2024,UNI,2,13/05/2024,4,27/05/2024,5,1,,29.9,29.9,01/10/2023,JARDIN DEL ZEN
01/10/2023,282,601030010200003,,J0079,BURBUJAS DE BAÑO 520 ML AMOR,520 ML,AMOR,,27/09/2024,UNI,2,27/09/2024,9,14/09/2024,10,1,,59.9,59.9,01/10/2023,JARDIN DEL ZEN
01/10/2023,277,601030010130005,,J0079,BURBUJAS DE BAÑO 173 ML ARMONÍA,173 ML,ARMONÍA,,17/11/2024,UNI,2,23/02/2024,3,17/11/2024,5,0,,29.9,0,01/10/2023,JARDIN DEL ZEN
01/10/2023,283,601030010200005,,J0079,BURBUJAS DE BAÑO 520 ML ARMONÍA,520 ML,ARMONÍA,,15/11/2024,UNI,2,15/11/2024,6,22/10/2024,7,1,,59.9,59.9,01/10/2023,JARDIN DEL ZEN
01/10/2023,278,601030010130024,,J0079,BURBUJAS DE BAÑO 173 ML ENERGÍA,173 ML,ENERGÍA,,15/11/2024,UNI,2,15/11/2024,5,03/11/2024,4,3,,29.9,89.7,01/10/2023,JARDIN DEL ZEN
01/10/2023,284,601030010200024,,J0079,BURBUJAS DE BAÑO 520 ML ENERGÍA,520 ML,ENERGÍA,,04/09/2024,UNI,2,04/09/2024,2,11/08/2024,3,1,,59.9,59.9,01/10/2023,JARDIN DEL ZEN
10/10/2023,279,601030010130028,,J0079,BURBUJAS DE BAÑO 173 ML FELICIDAD,173 ML,FELICIDAD,,15/11/2024,UNI,0,15/11/2024,10,02/11/2024,10,0,,29.9,0,,JARDIN DEL ZEN
01/10/2023,285,601030010200028,,J0079,BURBUJAS DE BAÑO 520 ML FELICIDAD,520 ML,FELICIDAD,,18/10/2024,UNI,2,18/10/2024,7,29/09/2024,8,1,,59.9,59.9,01/10/2023,JARDIN DEL ZEN
01/10/2023,280,601030010130065,,J0079,BURBUJAS DE BAÑO 173 ML SERENIDAD,173 ML,SERENIDAD,,25/10/2024,UNI,2,25/10/2024,10,22/10/2024,11,1,,29.9,29.9,01/10/2023,JARDIN DEL ZEN
01/10/2023,286,601030010200065,,J0079,BURBUJAS DE BAÑO 520 ML SERENIDAD,520 ML,SERENIDAD,,27/09/2024,UNI,2,27/09/2024,9,16/08/2024,9,2,,59.9,119.8,01/10/2023,JARDIN DEL ZEN
30/04/2024,928,601030010080073,,J0079,BURBUJAS DE BAÑO 34 ML TRANQ.,34 ML,TRANQ.,,03/05/2024,UNI,0,03/05/2024,1,30/04/2024,1,0,,22.37,0,,JARDIN DEL ZEN
01/10/2023,281,601030010130073,,J0079,BURBUJAS DE BAÑO 173 ML TRANQ.,173 ML,TRANQ.,,08/11/2024,UNI,4,08/11/2024,7,02/11/2024,10,1,,29.9,29.9,01/10/2023,JARDIN DEL ZEN
01/10/2023,287,601030010200073,,J0079,BURBUJAS DE BAÑO 520 ML TRANQ.,520 ML,TRANQ.,,15/11/2024,UNI,2,15/11/2024,7,02/11/2024,8,1,,59.9,59.9,01/10/2023,JARDIN DEL ZEN
01/10/2023,264,601040010040003,,J0086,COLONIA 10 ML AMOR,10 ML,AMOR,,16/11/2024,UNI,6,04/09/2024,12,16/11/2024,16,2,,19,38,01/10/2023,JARDIN DEL ZEN
01/10/2023,270,601040010140003,,J0086,COLONIA 180 ML AMOR,180 ML,AMOR,,16/11/2024,UNI,11,26/08/2024,39,16/11/2024,45,5,,55,275,01/10/2023,JARDIN DEL ZEN
01/10/2023,265,601040010040005,,J0086,COLONIA 10 ML ARMONÍA,10 ML,ARMONÍA,,14/11/2024,UNI,8,08/11/2024,7,14/11/2024,14,1,,19,19,01/10/2023,JARDIN DEL ZEN
01/10/2023,271,601040010140005,,J0086,COLONIA 180 ML ARMONÍA,180 ML,ARMONÍA,,10/11/2024,UNI,4,08/11/2024,57,10/11/2024,53,8,,55,440,01/10/2023,JARDIN DEL ZEN
01/10/2023,266,601040010040024,,J0086,COLONIA 10 ML ENERGÍA,10 ML,ENERGÍA,,15/11/2024,UNI,4,24/10/2023,4,15/11/2024,4,4,,19,76,01/10/2023,JARDIN DEL ZEN
01/10/2023,272,601040010140024,,J0086,COLONIA 180 ML ENERGÍA,180 ML,ENERGÍA,,14/11/2024,UNI,13,04/09/2024,38,14/11/2024,42,9,,55,495,01/10/2023,JARDIN DEL ZEN
01/10/2023,267,601040010040028,,J0086,COLONIA 10 ML FELICIDAD,10 ML,FELICIDAD,,15/11/2024,UNI,6,15/11/2024,38,13/11/2024,40,4,,19,76,01/10/2023,JARDIN DEL ZEN
01/10/2023,273,601040010140028,,J0086,COLONIA 180 ML FELICIDAD,180 ML,FELICIDAD,,15/11/2024,UNI,16,08/11/2024,145,15/11/2024,151,10,,55,550,01/10/2023,JARDIN DEL ZEN
01/10/2023,268,601040010040065,,J0086,COLONIA 10 ML SERENIDAD,10 ML,SERENIDAD,,17/11/2024,UNI,3,08/11/2024,30,17/11/2024,33,0,,19,0,01/10/2023,JARDIN DEL ZEN
01/10/2023,274,601040010140065,,J0086,COLONIA 180 ML SERENIDAD,180 ML,SERENIDAD,,17/11/2024,UNI,13,15/11/2024,197,17/11/2024,199,11,,55,605,01/10/2023,JARDIN DEL ZEN
01/10/2023,269,601040010040073,,J0086,COLONIA 10 ML TRANQ.,10 ML,TRANQ.,,18/11/2024,UNI,4,15/11/2024,37,18/11/2024,40,1,,19,19,01/10/2023,JARDIN DEL ZEN
01/10/2023,275,601040010140073,,J0086,COLONIA 180 ML TRANQ.,180 ML,TRANQ.,,18/11/2024,UNI,12,15/11/2024,219,18/11/2024,229,2,,55,110,01/10/2023,JARDIN DEL ZEN
01/10/2023,311,601020020070003,,J0102,CREMA HUMECTANTE 30 ML AMOR,30 ML,AMOR,,15/11/2024,UNI,2,15/11/2024,13,12/11/2024,14,1,,22.9,22.9,01/10/2023,JARDIN DEL ZEN
01/10/2023,317,601020020160003,,J0102,CREMA HUMECTANTE 190 GR AMOR,190 GR,AMOR,,18/10/2024,UNI,5,18/10/2024,12,08/10/2024,13,4,,99.9,399.6,01/10/2023,JARDIN DEL ZEN
01/10/2023,312,601020020070005,,J0102,CREMA HUMECTANTE 30 ML ARMONÍA,30 ML,ARMONÍA,,15/11/2024,UNI,4,15/11/2024,8,11/11/2024,10,2,,22.9,45.8,01/10/2023,JARDIN DEL ZEN
01/10/2023,318,601020020160005,,J0102,CREMA HUMECTANTE 190 GR ARMONÍA,190 GR,ARMONÍA,,15/11/2024,UNI,4,15/11/2024,18,14/11/2024,20,2,,99.9,199.8,01/10/2023,JARDIN DEL ZEN
01/10/2023,313,601020020070024,,J0102,CREMA HUMECTANTE 30 ML ENERGÍA,30 ML,ENERGÍA,,15/11/2024,UNI,6,15/11/2024,26,14/11/2024,30,2,,22.9,45.8,01/10/2023,JARDIN DEL ZEN
01/10/2023,319,601020020160024,,J0102,CREMA HUMECTANTE 190 GR ENERGÍA,190 GR,ENERGÍA,,15/11/2024,UNI,4,15/11/2024,25,04/11/2024,25,4,,99.9,399.6,01/10/2023,JARDIN DEL ZEN
01/10/2023,314,601020020070028,,J0102,CREMA HUMECTANTE 30 ML FELICIDAD,30 ML,FELICIDAD,,18/11/2024,UNI,3,15/11/2024,31,18/11/2024,30,4,,22.9,91.6,01/10/2023,JARDIN DEL ZEN
01/10/2023,320,601020020160028,,J0102,CREMA HUMECTANTE 190 GR FELICIDAD,190 GR,FELICIDAD,,12/11/2024,UNI,5,18/10/2024,43,12/11/2024,45,3,,99.9,299.7,01/10/2023,JARDIN DEL ZEN
08/10/2023,315,601020020070065,,J0102,CREMA HUMECTANTE 30 ML SERENIDAD,30 ML,SERENIDAD,,15/11/2024,UNI,0,15/11/2024,32,11/11/2024,29,3,,22.9,68.7,,JARDIN DEL ZEN
01/10/2023,321,601020020160065,,J0102,CREMA HUMECTANTE 190 GR SERENIDAD,190 GR,SERENIDAD,,27/10/2024,UNI,5,04/09/2024,29,27/10/2024,30,4,,99.9,399.6,01/10/2023,JARDIN DEL ZEN
01/10/2023,316,601020020070073,,J0102,CREMA HUMECTANTE 30 ML TRANQ.,30 ML,TRANQ.,,15/11/2024,UNI,3,15/11/2024,34,09/11/2024,32,5,,22.9,114.5,01/10/2023,JARDIN DEL ZEN
01/10/2023,322,601020020160073,,J0102,CREMA HUMECTANTE 190 GR TRANQ.,190 GR,TRANQ.,,15/11/2024,UNI,6,15/11/2024,58,11/11/2024,62,2,,99.9,199.8,01/10/2023,JARDIN DEL ZEN
01/10/2023,855,601020080500081,,J0108,REPELENTE 60 ML -,60 ML,-,,25/10/2024,UNI,2,25/10/2024,6,20/10/2024,8,0,,49.9,0,01/10/2023,JARDIN DEL ZEN
01/10/2023,543,601080010400020,,J0113,ESPUMA EXFOLIANTE 400 GR COCO,400 GR,COCO,,15/11/2024,UNI,1,15/11/2024,5,17/10/2024,5,1,,49.9,49.9,01/10/2023,JARDIN DEL ZEN
24/11/2023,544,601080010400031,,J0113,ESPUMA EXFOLIANTE 400 GR HIERBA LUISA,400 GR,HIERBA LUISA,,15/11/2024,UNI,0,18/10/2024,7,15/11/2024,7,0,,49.9,0,,JARDIN DEL ZEN
24/11/2023,545,601080010400038,,J0113,ESPUMA EXFOLIANTE 400 GR LIMON,400 GR,LIMON,,11/11/2024,UNI,0,27/09/2024,4,11/11/2024,4,0,,49.9,0,,JARDIN DEL ZEN
24/11/2023,546,601080010400062,,J0113,ESPUMA EXFOLIANTE 400 GR ROSAS,400 GR,ROSAS,,11/10/2024,UNI,0,11/10/2024,4,05/10/2024,3,1,,49.9,49.9,,JARDIN DEL ZEN
24/11/2023,547,601080010400067,,J0113,ESPUMA EXFOLIANTE 400 GR TE VERDE,400 GR,TE VERDE,,10/11/2024,UNI,0,20/09/2024,4,10/11/2024,4,0,,49.9,0,,JARDIN DEL ZEN
01/10/2023,548,601080010400077,,J0113,ESPUMA EXFOLIANTE 400 GR UVA,400 GR,UVA,,19/09/2024,UNI,1,13/09/2024,3,19/09/2024,4,0,,49.9,0,01/10/2023,JARDIN DEL ZEN
01/10/2023,345,601080040170003,,J0116,EXFOLIANTE JABONOSO 220 ML AMOR,220 ML,AMOR,,09/11/2024,UNI,6,26/08/2024,7,09/11/2024,10,3,,75,225,01/10/2023,JARDIN DEL ZEN
01/10/2023,346,601080040170005,,J0116,EXFOLIANTE JABONOSO 220 ML ARMONÍA,220 ML,ARMONÍA,,14/11/2024,UNI,6,15/11/2024,8,14/11/2024,10,4,,75,300,01/10/2023,JARDIN DEL ZEN
08/01/2024,727,601080040080008,,J0116,EXFOLIANTE JABONOSO 34 ML BAMBOO,34 ML,BAMBOO,,14/11/2024,UNI,0,08/11/2024,8,14/11/2024,7,1,,18.9,18.9,,JARDIN DEL ZEN
01/10/2023,336,601080040120008,,J0116,EXFOLIANTE JABONOSO 120 ML BAMBOO,120 ML,BAMBOO,,08/11/2024,UNI,6,08/11/2024,6,03/09/2024,9,3,,44.9,134.7,01/10/2023,JARDIN DEL ZEN
01/10/2023,326,601080040080023,,J0116,EXFOLIANTE JABONOSO 34 ML DURAZNO MANZANA,34 ML,DURAZNO MANZANA,,15/11/2024,UNI,3,15/11/2024,8,12/11/2024,9,2,,18.9,37.8,01/10/2023,JARDIN DEL ZEN
01/10/2023,337,601080040120023,,J0116,EXFOLIANTE JABONOSO 120 ML DURAZNO MANZANA,120 ML,DURAZNO MANZANA,,08/11/2024,UNI,3,08/11/2024,5,03/09/2024,5,3,,44.9,134.7,01/10/2023,JARDIN DEL ZEN
01/10/2023,349,601080040170024,,J0116,EXFOLIANTE JABONOSO 220 ML ENERGÍA,220 ML,ENERGÍA,,04/11/2024,UNI,6,11/10/2024,16,04/11/2024,18,4,,75,300,01/10/2023,JARDIN DEL ZEN
01/10/2023,350,601080040170028,,J0116,EXFOLIANTE JABONOSO 220 ML FELICIDAD,220 ML,FELICIDAD,,18/11/2024,UNI,5,11/10/2024,18,18/11/2024,21,2,,75,150,01/10/2023,JARDIN DEL ZEN
01/10/2023,329,601080040080031,,J0116,EXFOLIANTE JABONOSO 34 ML HIERBA LUISA,34 ML,HIERBA LUISA,,15/11/2024,UNI,2,15/11/2024,8,09/11/2024,7,3,,18.9,56.7,01/10/2023,JARDIN DEL ZEN
01/10/2023,340,601080040120031,,J0116,EXFOLIANTE JABONOSO 120 ML HIERBA LUISA,120 ML,HIERBA LUISA,,12/08/2024,UNI,3,12/08/2024,5,06/05/2024,5,3,,44.9,134.7,01/10/2023,JARDIN DEL ZEN
01/10/2023,330,601080040080047,,J0116,EXFOLIANTE JABONOSO 34 ML MARACUYA,34 ML,MARACUYA,,15/11/2024,UNI,2,15/11/2024,9,09/11/2024,8,3,,18.9,56.7,01/10/2023,JARDIN DEL ZEN
01/10/2023,341,601080040120047,,J0116,EXFOLIANTE JABONOSO 120 ML MARACUYA,120 ML,MARACUYA,,12/08/2024,UNI,5,12/08/2024,3,05/05/2024,5,3,,44.9,134.7,01/10/2023,JARDIN DEL ZEN
01/10/2023,342,601080040120056,,J0116,EXFOLIANTE JABONOSO 120 ML ORQUIDEA BLANCA,120 ML,ORQUIDEA BLANCA,,14/11/2024,UNI,2,08/11/2024,14,14/11/2024,14,2,,44.9,89.8,01/10/2023,JARDIN DEL ZEN
01/10/2023,354,601080040170065,,J0116,EXFOLIANTE JABONOSO 220 ML SERENIDAD,220 ML,SERENIDAD,,13/11/2024,UNI,4,08/11/2024,22,13/11/2024,23,3,,75,225,01/10/2023,JARDIN DEL ZEN
01/10/2023,355,601080040170073,,J0116,EXFOLIANTE JABONOSO 220 ML TRANQ.,220 ML,TRANQ.,,08/11/2024,UNI,5,08/11/2024,29,03/11/2024,31,3,,75,225,01/10/2023,JARDIN DEL ZEN
01/10/2023,356,601080110360003,,J0123,EXFOLIANTE OLEOSO 200 GR AMOR,200 GR,AMOR,,12/11/2024,UNI,1,02/09/2024,6,12/11/2024,7,0,,99.9,0,01/10/2023,JARDIN DEL ZEN
01/10/2023,357,601080110360005,,J0123,EXFOLIANTE OLEOSO 200 GR ARMONÍA,200 GR,ARMONÍA,,27/05/2024,UNI,2,27/05/2024,2,18/05/2024,3,1,,99.9,99.9,01/10/2023,JARDIN DEL ZEN
01/10/2023,358,601080110360024,,J0123,EXFOLIANTE OLEOSO 200 GR ENERGÍA,200 GR,ENERGÍA,,04/11/2024,UNI,2,04/11/2024,6,26/10/2024,7,1,,99.9,99.9,01/10/2023,JARDIN DEL ZEN
01/10/2023,359,601080110360028,,J0123,EXFOLIANTE OLEOSO 200 GR FELICIDAD,200 GR,FELICIDAD,,04/11/2024,UNI,1,04/11/2024,8,24/09/2024,8,1,,99.9,99.9,01/10/2023,JARDIN DEL ZEN
01/10/2023,360,601080110360065,,J0123,EXFOLIANTE OLEOSO 200 GR SERENIDAD,200 GR,SERENIDAD,,02/09/2024,UNI,2,02/09/2024,3,20/08/2024,4,1,,99.9,99.9,01/10/2023,JARDIN DEL ZEN
01/10/2023,361,601080110360073,,J0123,EXFOLIANTE OLEOSO 200 GR TRANQ.,200 GR,TRANQ.,,20/08/2024,UNI,2,20/08/2024,3,12/08/2024,4,1,,99.9,99.9,01/10/2023,JARDIN DEL ZEN
01/10/2023,305,601090010090003,,J0129,GEL ANTIBACTERIAL 35 ML AMOR,35 ML,AMOR,,06/10/2024,UNI,2,12/04/2024,4,06/10/2024,5,1,,8.9,8.9,01/10/2023,JARDIN DEL ZEN
01/10/2023,306,601090010090005,,J0129,GEL ANTIBACTERIAL 35 ML ARMONÍA,35 ML,ARMONÍA,,02/11/2024,UNI,3,04/09/2024,3,02/11/2024,3,3,,8.9,26.7,01/10/2023,JARDIN DEL ZEN
01/10/2023,307,601090010090024,,J0129,GEL ANTIBACTERIAL 35 ML ENERGÍA,35 ML,ENERGÍA,,04/11/2024,UNI,2,04/11/2024,3,03/09/2024,4,1,,8.9,8.9,01/10/2023,JARDIN DEL ZEN
01/10/2023,308,601090010090028,,J0129,GEL ANTIBACTERIAL 35 ML FELICIDAD,35 ML,FELICIDAD,,04/11/2024,UNI,2,04/11/2024,3,12/04/2024,4,1,,8.9,8.9,01/10/2023,JARDIN DEL ZEN
01/10/2023,309,601090010090065,,J0129,GEL ANTIBACTERIAL 35 ML SERENIDAD,35 ML,SERENIDAD,,14/09/2024,UNI,3,24/10/2023,1,14/09/2024,1,3,,8.9,26.7,01/10/2023,JARDIN DEL ZEN
01/10/2023,310,601090010090073,,J0129,GEL ANTIBACTERIAL 35 ML TRANQ.,35 ML,TRANQ.,,02/11/2024,UNI,3,08/07/2024,2,02/11/2024,5,0,,8.9,0,01/10/2023,JARDIN DEL ZEN
07/12/2023,514,601100010300019,,J0130,JABON AROMANDINA 100 GR COCA MENTA,100 GR,COCA MENTA,,03/09/2024,UNI,0,14/08/2024,11,03/09/2024,10,1,,22.9,22.9,,JARDIN DEL ZEN
01/10/2023,515,601100010300031,,J0130,JABON AROMANDINA 100 GR HIERBA LUISA,100 GR,HIERBA LUISA,,03/09/2024,UNI,2,14/08/2024,9,03/09/2024,10,1,,22.9,22.9,01/10/2023,JARDIN DEL ZEN
01/10/2023,516,601100010300039,,J0130,JABON AROMANDINA 100 GR LUCUMA,100 GR,LUCUMA,,03/12/2023,UNI,1,,0,03/12/2023,1,0,,22.9,0,01/10/2023,JARDIN DEL ZEN
01/10/2023,517,601100010300053,,J0130,JABON AROMANDINA 100 GR MUÑA,100 GR,MUÑA,,28/10/2024,UNI,2,20/09/2024,12,28/10/2024,14,0,,22.9,0,01/10/2023,JARDIN DEL ZEN
01/10/2023,518,601100010300057,,J0130,JABON AROMANDINA 100 GR PALO SANTO,100 GR,PALO SANTO,,20/09/2024,UNI,1,20/09/2024,12,03/09/2024,12,1,,22.9,22.9,01/10/2023,JARDIN DEL ZEN
01/10/2023,519,601100010300063,,J0130,JABON AROMANDINA 100 GR RUDA,100 GR,RUDA,,20/09/2024,UNI,2,20/09/2024,4,30/08/2024,5,1,,22.9,22.9,01/10/2023,JARDIN DEL ZEN
01/10/2023,498,601100030300001,,J0132,JABON DE LA ABUELA 100 GR ALMENDRA VAINILLA,100 GR,ALMENDRA VAINILLA,,25/10/2024,UNI,1,25/10/2024,11,09/10/2024,10,2,,22.9,45.8,01/10/2023,JARDIN DEL ZEN
01/10/2023,499,601100030300029,,J0132,JABON DE LA ABUELA 100 GR FRUTAS SILVESTRES,100 GR,FRUTAS SILVESTRES,,08/11/2024,UNI,1,25/10/2024,4,08/11/2024,5,0,,22.9,0,01/10/2023,JARDIN DEL ZEN
01/10/2023,500,601100030300036,,J0132,"JABON DE LA ABUELA 100 GR LECHE, AVENA Y MIEL",100 GR,"LECHE, AVENA Y MIEL",,30/10/2024,UNI,1,25/10/2024,8,30/10/2024,9,0,,22.9,0,01/10/2023,JARDIN DEL ZEN
01/10/2023,501,601100030300037,,J0132,JABON DE LA ABUELA 100 GR LIMA LAVANDA,100 GR,LIMA LAVANDA,,25/10/2024,UNI,1,25/10/2024,8,16/10/2024,7,2,,22.9,45.8,01/10/2023,JARDIN DEL ZEN
01/10/2023,300,601100040150003,,J0133,JABON ESPUMOSO ROSTRO 200 ML AMOR,200 ML,AMOR,,14/11/2024,UNI,5,15/11/2024,24,14/11/2024,26,3,,75,225,01/10/2023,JARDIN DEL ZEN
24/11/2023,906,601100040370003,,J0133,JABON ESPUMOSO ROSTRO 50 ML AMOR,50 ML,AMOR,,03/09/2024,UNI,0,08/07/2024,7,03/09/2024,6,1,,29.9,29.9,,JARDIN DEL ZEN
01/10/2023,301,601100040150008,,J0133,JABON ESPUMOSO ROSTRO 200 ML BAMBOO,200 ML,BAMBOO,,15/11/2024,UNI,5,15/11/2024,30,03/11/2024,31,4,,75,300,01/10/2023,JARDIN DEL ZEN
24/11/2023,907,601100040370008,,J0133,JABON ESPUMOSO ROSTRO 50 ML BAMBOO,50 ML,BAMBOO,,15/11/2024,UNI,0,15/11/2024,9,03/11/2024,7,2,,29.9,59.8,,JARDIN DEL ZEN
01/10/2023,302,601100040150024,,J0133,JABON ESPUMOSO ROSTRO 200 ML ENERGÍA,200 ML,ENERGÍA,,15/11/2024,UNI,5,15/11/2024,33,12/11/2024,35,3,,75,225,01/10/2023,JARDIN DEL ZEN
01/10/2023,908,601100040370024,,J0133,JABON ESPUMOSO ROSTRO 50 ML ENERGÍA,50 ML,ENERGÍA,,15/11/2024,UNI,3,15/11/2024,10,12/11/2024,12,1,,29.9,29.9,01/10/2023,JARDIN DEL ZEN
01/10/2023,303,601100040150031,,J0133,JABON ESPUMOSO ROSTRO 200 ML HIERBA LUISA,200 ML,HIERBA LUISA,,02/11/2024,UNI,5,04/09/2024,18,02/11/2024,18,5,,75,375,01/10/2023,JARDIN DEL ZEN
01/10/2023,909,601100040370031,,J0133,JABON ESPUMOSO ROSTRO 50 ML HIERBA LUISA,50 ML,HIERBA LUISA,,15/11/2024,UNI,1,15/11/2024,7,02/11/2024,6,2,,29.9,59.8,01/10/2023,JARDIN DEL ZEN
01/10/2023,304,601100040150067,,J0133,JABON ESPUMOSO ROSTRO 200 ML TE VERDE,200 ML,TE VERDE,,16/11/2024,UNI,5,15/11/2024,31,16/11/2024,34,2,,75,150,01/10/2023,JARDIN DEL ZEN
01/10/2023,910,601100040370067,,J0133,JABON ESPUMOSO ROSTRO 50 ML TE VERDE,50 ML,TE VERDE,,16/11/2024,UNI,1,08/11/2024,10,16/11/2024,8,3,,29.9,89.7,01/10/2023,JARDIN DEL ZEN
01/10/2023,508,601100100320007,,J0139,JABON HERBAL 180 GR ASTRINGENTE,180 GR,ASTRINGENTE,,15/11/2024,UNI,7,15/11/2024,34,04/11/2024,34,7,,39.9,279.3,01/10/2023,JARDIN DEL ZEN
01/10/2023,509,601100100320027,,J0139,JABON HERBAL 180 GR EXFOLIANTE,180 GR,EXFOLIANTE,,04/09/2024,UNI,2,04/09/2024,14,10/05/2024,11,5,,39.9,199.5,01/10/2023,JARDIN DEL ZEN
01/10/2023,510,601100100320032,,J0139,JABON HERBAL 180 GR HUMECTANTE,180 GR,HUMECTANTE,,15/11/2024,UNI,5,15/11/2024,68,13/11/2024,69,4,,39.9,159.6,01/10/2023,JARDIN DEL ZEN
01/10/2023,511,601100100320063,,J0139,JABON HERBAL 180 GR RUDA,180 GR,RUDA,,13/10/2024,UNI,1,27/09/2024,12,13/10/2024,11,2,,22.9,45.8,01/10/2023,JARDIN DEL ZEN
01/10/2023,512,601100100320072,,J0139,JABON HERBAL 180 GR TONIFICANTE,180 GR,TONIFICANTE,,15/11/2024,UNI,6,15/11/2024,15,04/11/2024,14,7,,39.9,279.3,01/10/2023,JARDIN DEL ZEN
01/10/2023,502,601100290300002,,J0158,JABON OLIVA 100 GR ALMENDRAS,100 GR,ALMENDRAS,,18/10/2024,UNI,2,18/10/2024,5,04/10/2024,5,2,,22.9,45.8,01/10/2023,JARDIN DEL ZEN
01/10/2023,503,601100290300017,,J0158,JABON OLIVA 100 GR CHOCOLATE,100 GR,CHOCOLATE,,25/10/2024,UNI,2,25/10/2024,8,16/10/2024,8,2,,22.9,45.8,01/10/2023,JARDIN DEL ZEN
24/11/2023,504,601100290300019,,J0158,JABON OLIVA 100 GR COCA MENTA,100 GR,COCA MENTA,,09/10/2024,UNI,0,12/08/2024,8,09/10/2024,5,3,,22.9,68.7,,JARDIN DEL ZEN
24/11/2023,505,601100290300020,,J0158,JABON OLIVA 100 GR COCO,100 GR,COCO,,25/10/2024,UNI,0,25/10/2024,14,20/10/2024,12,2,,22.9,45.8,,JARDIN DEL ZEN
01/10/2023,506,601100290300035,,J0158,JABON OLIVA 100 GR LAVANDA,100 GR,LAVANDA,,25/10/2024,UNI,2,25/10/2024,12,20/10/2024,12,2,,22.9,45.8,01/10/2023,JARDIN DEL ZEN
01/10/2023,507,601100290300044,,J0158,JABON OLIVA 100 GR MANZANILLA,100 GR,MANZANILLA,,11/11/2024,UNI,1,25/10/2024,13,11/11/2024,14,0,,22.9,0,01/10/2023,JARDIN DEL ZEN
05/12/2023,571,601120010370015,,J0164,LOCION PARA MANOS Y CUERPO 50 ML CHIRIMOYA,50 ML,CHIRIMOYA,,12/08/2024,UNI,0,03/05/2024,10,12/08/2024,10,0,,19.9,0,,JARDIN DEL ZEN
05/12/2023,959,601120010370031,,J0164,LOCION PARA MANOS Y CUERPO 50 ML HIERBA LUISA,50 ML,HIERBA LUISA,,20/08/2024,UNI,0,20/08/2024,13,20/05/2024,12,1,,19.9,19.9,,JARDIN DEL ZEN
01/10/2023,960,601120010370050,,J0164,LOCION PARA MANOS Y CUERPO 50 ML MENTA,50 ML,MENTA,,20/08/2024,UNI,1,20/08/2024,11,12/08/2024,11,1,,19.9,19.9,01/10/2023,JARDIN DEL ZEN
05/12/2023,573,601120010370053,,J0164,LOCION PARA MANOS Y CUERPO 50 ML MUÑA,50 ML,MUÑA,,08/09/2024,UNI,0,20/08/2024,14,08/09/2024,14,0,,19.9,0,,JARDIN DEL ZEN
01/10/2023,1012,601120010370057,,J0164,LOCION PARA MANOS Y CUERPO 50 ML PALO SANTO,50 ML,PALO SANTO,,22/10/2024,UNI,1,20/08/2024,12,22/10/2024,13,0,,19.9,0,01/10/2023,JARDIN DEL ZEN
01/10/2023,549,601130020390030,,J0166,SALES EN BALA 80 GR FRUTAS TROPICALES,80 GR,FRUTAS TROPICALES,,08/07/2024,UNI,1,08/07/2024,3,16/06/2024,3,1,,19.5,19.5,01/10/2023,JARDIN DEL ZEN
08/03/2024,550,601130020390031,,J0166,SALES EN BALA 80 GR HIERBA LUISA,80 GR,HIERBA LUISA,,27/09/2024,UNI,0,27/09/2024,4,03/09/2024,3,1,,19.5,19.5,,JARDIN DEL ZEN
01/10/2023,551,601130020390036,,J0166,"SALES EN BALA 80 GR LECHE, AVENA Y MIEL",80 GR,"LECHE, AVENA Y MIEL",,11/11/2024,UNI,2,26/04/2024,3,11/11/2024,5,0,,19.5,0,01/10/2023,JARDIN DEL ZEN
01/10/2023,552,601130020390044,,J0166,SALES EN BALA 80 GR MANZANILLA,80 GR,MANZANILLA,,08/07/2024,UNI,2,08/07/2024,2,10/05/2024,3,1,,19.5,19.5,01/10/2023,JARDIN DEL ZEN
01/10/2023,553,601130020390062,,J0166,SALES EN BALA 80 GR ROSAS,80 GR,ROSAS,,27/09/2024,UNI,2,27/09/2024,2,29/08/2024,3,1,,19.5,19.5,01/10/2023,JARDIN DEL ZEN
11/06/2024,1014,601140010340020,,J0170,SHAMPOO X LT 1000 GR COCO,1000 GR,COCO,,24/06/2024,UNI,0,24/06/2024,1,11/06/2024,1,0,,78,0,,JARDIN DEL ZEN
01/04/2024,1016,601140010340073,,J0170,SHAMPOO X LT 1000 GR TRANQ.,1000 GR,TRANQ.,,08/04/2024,UNI,0,08/04/2024,1,01/04/2024,1,0,,78,0,,JARDIN DEL ZEN
01/10/2023,627,604010010000046,,J0187,KIT ALMOHADILLA LAVANDA- MANZANILLA,.,LAVANDA- MANZANILLA,,13/10/2024,UNI,3,27/09/2024,29,13/10/2024,29,3,,105,315,01/10/2023,JARDIN DEL ZEN
01/10/2023,590,604010020000000,,J0188,KIT BARRILITO,.,.,,08/11/2024,UNI,4,08/11/2024,40,29/10/2024,39,5,,71.9,359.5,01/10/2023,JARDIN DEL ZEN
01/10/2023,591,604010030000000,,J0189,KIT BOTANICO,.,.,,06/11/2024,UNI,4,22/10/2024,48,06/11/2024,51,1,,65,65,01/10/2023,JARDIN DEL ZEN
01/10/2023,575,604010040000000,,J0190,KIT BURBUJA,.,.,,20/09/2024,UNI,1,20/09/2024,11,08/09/2024,11,1,,65,65,01/10/2023,JARDIN DEL ZEN
01/10/2023,574,604010050000000,,J0191,KIT COCO,.,.,,04/09/2024,UNI,3,04/09/2024,14,20/08/2024,14,3,,115,345,01/10/2023,JARDIN DEL ZEN
01/10/2023,592,604010060000000,,J0192,KIT COFRE DE ALMENDRAS,.,.,,25/10/2024,UNI,3,25/10/2024,19,15/10/2024,18,4,,110,440,01/10/2023,JARDIN DEL ZEN
01/10/2023,594,604010080000000,,J0194,KIT HIERBA LUISA,.,.,,15/11/2024,UNI,3,15/11/2024,31,07/11/2024,31,3,,63,189,01/10/2023,JARDIN DEL ZEN
01/10/2023,597,604010110000000,,J0197,KIT FRESH VERBENA,.,.,,02/09/2024,UNI,2,02/09/2024,13,25/08/2024,12,3,,130,390,01/10/2023,JARDIN DEL ZEN
01/10/2023,589,604010130000000,,J0199,KIT TETERA,.,.,,08/11/2024,UNI,4,08/11/2024,43,02/11/2024,44,3,,95,285,01/10/2023,JARDIN DEL ZEN
01/10/2023,599,604010140000000,,J0200,KIT TIARE,.,.,,15/11/2024,UNI,2,15/11/2024,13,25/08/2024,13,2,,90,180,01/10/2023,JARDIN DEL ZEN
01/10/2023,601,604010160000000,,J0202,KIT VELA BOTÁNICA,.,.,,03/10/2024,UNI,1,27/09/2024,8,03/10/2024,9,0,,79.9,0,01/10/2023,JARDIN DEL ZEN
20/12/2023,530,604010170380003,,J0203,KIT ZEN AMOR,.,AMOR,,04/01/2024,UNI,0,04/01/2024,1,20/12/2023,1,0,,65,0,,JARDIN DEL ZEN
20/12/2023,531,604010170380005,,J0203,KIT ZEN ARMONÍA,.,ARMONÍA,,24/01/2024,UNI,0,24/01/2024,2,08/01/2024,2,0,,65,0,,JARDIN DEL ZEN
16/10/2023,534,604010170380065,,J0203,KIT ZEN SERENIDAD,.,SERENIDAD,,04/01/2024,UNI,0,04/01/2024,5,29/12/2023,5,0,,55.25,0,,JARDIN DEL ZEN
09/12/2023,535,604010170380073,,J0203,KIT ZEN TRANQ.,.,TRANQ.,,04/01/2024,UNI,0,04/01/2024,2,20/12/2023,2,0,,65,0,,JARDIN DEL ZEN
26/04/2024,556,601130060290031,,J0204,SALES EFERVESCENTES 50 GR HIERBA LUISA,50 GR,HIERBA LUISA,,26/04/2024,UNI,0,,0,26/04/2024,0,0,,3.08,0,,JARDIN DEL ZEN
01/10/2023,578,601100340000000,,J0205,JABON DE LA ABUELA CAJA X 3 UNIDADES,.,.,,04/11/2024,UNI,3,04/10/2024,48,04/11/2024,48,3,,59.9,179.7,01/10/2023,JARDIN DEL ZEN
01/10/2023,580,601100350000000,,J0206,JABON OLIVA CAJA X 3 UNIDADES,.,.,,08/11/2024,UNI,3,04/09/2024,44,08/11/2024,43,4,,59.9,239.6,01/10/2023,JARDIN DEL ZEN
01/10/2023,581,601130070000000,,J0207,SALES EN BALA CAJA X 4 UNIDADES,.,.,,26/10/2024,UNI,3,27/09/2024,9,26/10/2024,11,1,,58.9,58.9,01/10/2023,JARDIN DEL ZEN
01/10/2023,624,603010140000000,,J0208,PORTA POTPOURRI C/ POTPOURRI,.,.,,18/11/2024,UNI,1,20/08/2024,4,18/11/2024,5,0,,66.9,0,01/10/2023,JARDIN DEL ZEN
11/03/2024,679,601050130220020,,J0217,CONDITIONER X1 LT 1000 ML COCO,1000 ML,COCO,,20/03/2024,UNI,0,20/03/2024,1,11/03/2024,1,0,,78,0,,JARDIN DEL ZEN
01/10/2023,690,601040040140056,,J0230,COLONIAS EDICION ESPECIAL 180 ML ORQUIDEA BLANCA,180 ML,ORQUIDEA BLANCA,,18/11/2024,UNI,7,15/11/2024,125,18/11/2024,119,13,,59,767,01/10/2023,JARDIN DEL ZEN
01/10/2023,760,601040040140084,,J0230,COLONIAS EDICION ESPECIAL 180 ML TE BLANCO,180 ML,TE BLANCO,,03/09/2024,UNI,2,03/06/2024,1,03/09/2024,3,0,,59,0,01/10/2023,JARDIN DEL ZEN
01/10/2023,692,601040040140083,,J0230,COLONIAS EDICION ESPECIAL 180 ML TÉ VERBENA,180 ML,TÉ VERBENA,,16/11/2024,UNI,8,27/09/2024,21,16/11/2024,19,10,,59,590,01/10/2023,JARDIN DEL ZEN
01/10/2023,717,605010040000000,,J0234,ALMOHADILLA CINTURA ED. LIMITADA,.,.,,09/02/2024,UNI,1,09/02/2024,1,29/01/2024,1,1,,93.9,93.9,01/10/2023,JARDIN DEL ZEN
01/10/2023,718,605010050000000,,J0235,ALMOHADILLA CUELLO ED.LIMITADA,.,.,,13/09/2024,UNI,1,13/09/2024,3,09/09/2024,3,1,,93.9,93.9,01/10/2023,JARDIN DEL ZEN
01/10/2023,719,604010190000000,,J0236,KIT ORQUIDEA BLANCA,.,.,,08/11/2024,UNI,2,08/11/2024,29,26/10/2024,28,3,,138,414,01/10/2023,JARDIN DEL ZEN
01/10/2023,731,601160010000000,,J0241,BLEND BABY FACE,.,.,,08/11/2024,UNI,4,08/11/2024,27,07/10/2024,25,6,,61.9,371.4,01/10/2023,JARDIN DEL ZEN
01/10/2023,732,601160020000000,,J0242,BLEND POWER HAIR,.,.,,06/10/2024,UNI,4,12/08/2024,7,06/10/2024,9,2,,61.9,123.8,01/10/2023,JARDIN DEL ZEN
01/10/2023,733,601160030000000,,J0243,BLEND SEXY LOOK,.,.,,27/10/2024,UNI,2,25/10/2024,14,27/10/2024,14,2,,61.9,123.8,01/10/2023,JARDIN DEL ZEN
14/06/2024,943,603010190000000,,J0256,ESPONJA VEGETAL - 1/2  LOOFA,.,.,,20/08/2024,UNI,0,14/06/2024,2,20/08/2024,2,0,,6,0,,JARDIN DEL ZEN
01/10/2023,945,601090030000000,,J0258,GEL ANTIBACTERIAL RULETA,.,.,,04/09/2024,UNI,5,04/09/2024,6,22/06/2024,11,0,,1,0,01/10/2023,JARDIN DEL ZEN
01/10/2023,946,601030100000000,,J0261,BURBUJAS MINI RULETA,.,.,,03/09/2024,UNI,8,,0,03/09/2024,8,0,,1,0,01/10/2023,JARDIN DEL ZEN
01/10/2023,947,601140180000000,,J0262,SHAMPOO MINI RULETA,.,.,,21/06/2024,UNI,5,24/11/2023,5,21/06/2024,10,0,,1,0,01/10/2023,JARDIN DEL ZEN
01/10/2023,948,601050150000000,,J0263,CONDITIONER MINI RULETA,.,.,,04/07/2024,UNI,8,06/11/2023,3,04/07/2024,11,0,,1,0,01/10/2023,JARDIN DEL ZEN
01/10/2023,949,602020100000000,,J0264,MINI SPRAYS RULETA,.,.,,23/04/2024,UNI,7,17/11/2023,6,23/04/2024,13,0,,1,0,01/10/2023,JARDIN DEL ZEN
01/10/2023,944,601010090000000,,J0265,MINI ACEITE NUTRITIVO RULETA,.,.,,23/04/2024,UNI,4,06/11/2023,5,23/04/2024,9,0,,1,0,01/10/2023,JARDIN DEL ZEN
01/10/2023,953,604010240000003,,J0267,KIT ZEN RENOVADO AMOR,.,AMOR,,15/11/2024,UNI,1,18/10/2024,24,15/11/2024,25,0,,75,0,01/10/2023,JARDIN DEL ZEN
10/10/2023,954,604010240000005,,J0267,KIT ZEN RENOVADO ARMONÍA,.,ARMONÍA,,15/11/2024,UNI,0,15/11/2024,22,19/10/2024,21,1,,75,75,,JARDIN DEL ZEN
01/10/2023,955,604010240000024,,J0267,KIT ZEN RENOVADO ENERGÍA,.,ENERGÍA,,12/11/2024,UNI,1,04/11/2024,20,12/11/2024,21,0,,75,0,01/10/2023,JARDIN DEL ZEN
10/10/2023,956,604010240000028,,J0267,KIT ZEN RENOVADO FELICIDAD,.,FELICIDAD,,15/11/2024,UNI,0,15/11/2024,33,24/10/2024,31,2,,75,150,,JARDIN DEL ZEN
01/10/2023,957,604010240000065,,J0267,KIT ZEN RENOVADO SERENIDAD,.,SERENIDAD,,11/11/2024,UNI,1,04/11/2024,35,11/11/2024,36,0,,75,0,01/10/2023,JARDIN DEL ZEN
01/10/2023,958,604010240000073,,J0267,KIT ZEN RENOVADO TRANQ.,.,TRANQ.,,15/11/2024,UNI,1,15/11/2024,39,11/11/2024,39,1,,75,75,01/10/2023,JARDIN DEL ZEN
01/10/2023,967,602050190000000,,J0268,DIFUSOR CANDLE LAMP #1 2023,.,.,,12/04/2024,UNI,2,01/12/2023,5,12/04/2024,7,0,,180,0,01/10/2023,JARDIN DEL ZEN
01/10/2023,966,602050200000000,,J0269,DIFUSOR VOLCANO #3 2023,.,.,,03/12/2023,UNI,1,01/12/2023,2,03/12/2023,3,0,,180,0,01/10/2023,JARDIN DEL ZEN
01/10/2023,964,602050220000000,,J0271,DIFUSOR FLAME #5 2023,.,.,,15/02/2024,UNI,1,29/01/2024,13,15/02/2024,14,0,,200,0,01/10/2023,JARDIN DEL ZEN
18/12/2023,986,603010200000000,,J0286,KIT CUARZOS,.,.,,03/08/2024,UNI,0,18/12/2023,3,03/08/2024,2,1,,75,75,,JARDIN DEL ZEN
29/01/2024,1017,602060040000000,,J0287,VELA MANDALA,.,.,,21/10/2024,UNI,0,27/05/2024,9,21/10/2024,9,0,,30,0,,
29/01/2024,1018,602070230040000,,J0288,FRAGANCIA ARIES 10 ML,10 ML,.,,29/01/2024,UNI,0,29/01/2024,1,,0,1,,38.9,38.9,,
29/01/2024,1019,602070240040000,,J0289,FRAGANCIA TAURO 10 ML,10 ML,.,,04/09/2024,UNI,0,04/09/2024,5,17/04/2024,2,3,,38.9,116.7,,
14/02/2024,1020,602070250040000,,J0290,FRAGANCIA GEMENIS 10 ML,10 ML,.,,27/09/2024,UNI,0,27/09/2024,1,14/02/2024,0,1,,38.9,38.9,,
29/01/2024,1021,602070260040000,,J0291,FRAGANCIA CANCER 10 ML,10 ML,.,,27/09/2024,UNI,0,27/09/2024,2,22/06/2024,1,1,,38.9,38.9,,
29/01/2024,1022,602070270040000,,J0292,FRAGANCIA LEO 10 ML,10 ML,.,,29/01/2024,UNI,0,29/01/2024,1,,0,1,,38.9,38.9,,
15/02/2024,1023,602070280040000,,J0293,FRAGANCIA VIRGO 10 ML,10 ML,.,,18/10/2024,UNI,0,16/02/2024,2,18/10/2024,2,0,,38.9,0,,
29/01/2024,1024,602070290040000,,J0294,FRAGANCIA LIBRA 10 ML,10 ML,.,,21/10/2024,UNI,0,29/01/2024,1,21/10/2024,1,0,,38.9,0,,
29/01/2024,1025,602070300040000,,J0295,FRAGANCIA ESCORPIO 10 ML,10 ML,.,,29/01/2024,UNI,0,29/01/2024,1,,0,1,,38.9,38.9,,
29/01/2024,1026,602070310040000,,J0296,FRAGANCIA SAGITARIO 10 ML,10 ML,.,,27/09/2024,UNI,0,27/09/2024,3,03/09/2024,2,1,,38.9,38.9,,
29/01/2024,1027,602070320040000,,J0297,FRAGANCIA CAPRICORNIO 10 ML,10 ML,.,,29/01/2024,UNI,0,29/01/2024,1,,0,1,,38.9,38.9,,
15/02/2024,1028,602070330040000,,J0298,FRAGANCIA ACUARIO 10 ML,10 ML,.,,18/10/2024,UNI,0,16/02/2024,2,18/10/2024,2,0,,38.9,0,,
29/01/2024,1029,602070340040000,,J0299,FRAGANCIA PISCIS 10 ML,10 ML,.,,27/09/2024,UNI,0,27/09/2024,2,19/08/2024,1,1,,38.9,38.9,,
02/02/2024,1030,603010210000000,,J0300,PORTA INCIENSO DRAGON LARGO,.,.,,17/04/2024,UNI,0,01/03/2024,6,17/04/2024,6,0,,45,0,,
09/02/2024,1031,603010220000000,,J0301,PORTA INCIENSO DRAGON CERAMICA GRANDE LOTTO,.,.,,26/02/2024,UNI,0,26/02/2024,4,26/02/2024,4,0,,79.9,0,,
09/02/2024,1032,603010230000000,,J0302,PORTA INCIENSO DRAGON CERAMICA GRANDE CASTILLO,.,.,,04/03/2024,UNI,0,01/03/2024,5,04/03/2024,5,0,,79.9,0,,
19/02/2024,1033,602080020000000,,J0303,INCIENSO CONO VEGETAL X 5 UNID,.,.,,22/03/2024,UNI,0,19/02/2024,2,22/03/2024,2,0,,14.9,0,,
12/03/2024,1040,602050290000000,,J0307,DIFUSOR #1 LAMP 2024,.,.,,12/04/2024,UNI,0,12/04/2024,3,03/04/2024,3,0,,200,0,,
12/03/2024,1042,602050310000000,,J0309,DIFUSOR #3 BLANCO 200 ML 2024,.,.,,14/05/2024,UNI,0,01/04/2024,4,14/05/2024,4,0,,160,0,,
12/03/2024,1044,602050330000000,,J0311,DIFUSOR #5 300 ML 2024,.,.,,22/05/2024,UNI,0,25/03/2024,2,22/05/2024,2,0,,200,0,,
12/03/2024,1045,602050340000000,,J0312,DIFUSOR #6 FLAME 250 ML 2024,.,.,,21/03/2024,UNI,0,12/03/2024,1,21/03/2024,1,0,,240,0,,
15/03/2024,1046,603010240000000,,J0313,ROLLER FACIAL JADE,.,.,,06/08/2024,UNI,0,29/04/2024,5,06/08/2024,3,2,,59,118,,
15/03/2024,1047,603010250000000,,J0314,ROLLER FACIAL ROSA,.,.,,18/11/2024,UNI,0,29/04/2024,6,18/11/2024,4,2,,59,118,,
15/03/2024,1048,603010260000000,,J0315,GUASHA FACIAL JADE,.,.,,26/05/2024,UNI,0,12/04/2024,2,26/05/2024,2,0,,55,0,,
15/03/2024,1049,603010270000000,,J0316,GUASHA FACIL ROSA,.,.,,18/11/2024,UNI,0,26/08/2024,16,18/11/2024,15,1,,55,55,,
15/03/2024,1050,604010250000000,,J0317,NECESSER,.,.,,12/04/2024,UNI,0,12/04/2024,4,06/04/2024,3,1,,0,0,,
12/04/2024,1054,604010260000000,,J0319,KIT CANASTITA,.,.,,15/11/2024,UNI,0,15/11/2024,7,09/09/2024,7,0,,49.9,0,,
04/09/2024,1055,604010270000000,,J0320,KIT DULCE ENCANTO EDICION LIMITADA,.,.,,15/11/2024,UNI,0,04/09/2024,1,15/11/2024,1,0,,59.9,0,,
13/05/2024,1057,604010280000000,,J0321,KIT LIMPIADOR DE ENERGÍAS,.,.,,27/06/2024,UNI,0,13/05/2024,2,27/06/2024,2,0,,59.9,0,,
14/06/2024,1062,602027060500000,,J0326,SPRAY AROMATIZADOR TRANQUILIDAD 60 ML,60 ML,.,,15/11/2024,UNI,0,14/06/2024,2,15/11/2024,2,0,,33.9,0,,
27/05/2024,1065,601030110130000,,J0330,MINI BURBUJA DE BAÑO AMOR + PUMP 173 ML,173 ML,.,,15/11/2024,UNI,0,15/11/2024,2,08/09/2024,1,1,,29.9,29.9,,
27/05/2024,1066,601030120130000,,J0331,MINI BURBUJA DE BAÑO TRANQ + PUMP 173 ML,173 ML,.,,15/11/2024,UNI,0,15/11/2024,2,29/09/2024,1,1,,29.9,29.9,,
27/05/2024,1067,601030130130000,,J0332,MINI BURBUJA DE BAÑO ARMONÍA + PUMP 173 ML,173 ML,.,,11/11/2024,UNI,0,27/05/2024,1,11/11/2024,1,0,,29.9,0,,
27/05/2024,1068,601030140130000,,J0333,MINI BURBUJA DE BAÑO SERENIDAD + PUMP 173 ML,173 ML,.,,27/05/2024,UNI,0,27/05/2024,1,,0,1,,29.9,29.9,,
27/05/2024,1069,601030150130000,,J0334,MINI BURBUJA DE BAÑO FELICIDAD + PUMP 173 ML,173 ML,.,,15/11/2024,UNI,0,15/11/2024,2,24/09/2024,1,1,,29.9,29.9,,
27/05/2024,1070,601030160130000,,J0335,MINI BURBUJA DE BAÑO ENERGÍA + PUMP 173 ML,173 ML,.,,27/05/2024,UNI,0,27/05/2024,1,,0,1,,29.9,29.9,,
27/05/2024,1071,601030170200000,,J0336,BURBUJA DE BAÑO AMOR + PUMP 520 ML,520 ML,.,,15/11/2024,UNI,0,15/11/2024,3,14/09/2024,2,1,,59.9,59.9,,
27/05/2024,1072,601030180200000,,J0337,BURBUJA DE BAÑO TRANQ + PUMP 520 ML,520 ML,.,,22/09/2024,UNI,0,13/09/2024,2,22/09/2024,2,0,,59.9,0,,
27/05/2024,1073,601030190200000,,J0338,BURBUJA DE BAÑO ARMONÍA + PUMP 520 ML,520 ML,.,,15/11/2024,UNI,0,15/11/2024,2,22/09/2024,1,1,,59.9,59.9,,
26/05/2024,1074,601030200200000,,J0339,BURBUJA DE BAÑO SERENIDAD + PUMP 520 ML,520 ML,.,,15/11/2024,UNI,0,15/11/2024,3,14/09/2024,2,1,,59.9,59.9,,
27/05/2024,1075,601030210200000,,J0340,BURBUJA DE BAÑO ENERGÍA + PUMP 520 ML,520 ML,.,,11/11/2024,UNI,0,20/08/2024,2,11/11/2024,2,0,,59.9,0,,
27/05/2024,1076,601030220200000,,J0341,BURBUJA DE BAÑO FELICIDAD + PUMP 520 ML,520 ML,.,,15/11/2024,UNI,0,15/11/2024,4,06/09/2024,2,2,,59.9,119.8,,
29/06/2024,1078,606017810000000,,J0342,PACK ENGRÍO A PAPÁ JUNIO 2024,.,.,,01/07/2024,UNI,0,01/07/2024,1,29/06/2024,1,0,,99.9,0,,
01/07/2024,1077,606017820000000,,J0343,CUIDADO A PAPÁ JUNIO 2024,.,.,,01/07/2024,UNI,0,01/07/2024,1,01/07/2024,1,0,,85,0,,
14/06/2024,1088,601010160040000,,J0352,ACEITE PARA BARBA 10 ML,10 ML,.,,01/07/2024,UNI,0,14/06/2024,2,01/07/2024,1,1,,19.9,19.9,,
08/07/2024,1089,604010300000000,,J0353,KIT BUDA LIMPIADOR DE ENERGIAS,.,.,,15/11/2024,UNI,0,08/11/2024,6,15/11/2024,5,1,,63.9,63.9,,
13/09/2024,1092,602050360000000,,J0358,DIFUSOR PARLANTE 350 ML SETIEMBRE 2024,.,.,,15/11/2024,UNI,0,15/11/2024,3,15/10/2024,1,2,,240,480,,
13/09/2024,1093,602050370000000,,J0359,DIFUSOR FLAME 180 ML SETIEMBRE 2024,.,.,,21/10/2024,UNI,0,18/10/2024,8,21/10/2024,8,0,,160,0,,
27/09/2024,1094,602027100210086,,J0360,SPRAY AROMATIZADOR PREMIUM 550 ML ALPHA,550 ML,ALPHA,,27/09/2024,UNI,0,27/09/2024,3,,0,3,,69.9,209.7,,
27/09/2024,1095,602027100210087,,J0360,SPRAY AROMATIZADOR PREMIUM 550 ML MARINE,550 ML,MARINE,,18/11/2024,UNI,0,27/09/2024,3,18/11/2024,3,0,,69.9,0,,
27/09/2024,1096,602027100210088,,J0360,SPRAY AROMATIZADOR PREMIUM 550 ML SUMMER,550 ML,SUMMER,,27/09/2024,UNI,0,27/09/2024,3,,0,3,,69.9,209.7,,
08/11/2024,1106,603010280000000,,J0362,PATITO DE REGALO,.,.,,15/11/2024,UNI,0,15/11/2024,30,11/11/2024,3,27,,1,27,,
04/11/2024,1107,601100450260000,,J0363,JABON HERBAL DE REGALO 33 GR,33 GR,.,,04/11/2024,UNI,0,06/11/2024,15,,0,15,,1,15,,
01/10/2023,886,602050150000000,,M0004,DIFUSOR AROMACARE 1.3 LT 2022,.,.,,03/01/2024,UNI,1,05/12/2023,276,03/01/2024,277,0,,270,0,01/10/2023,MERCADERIA
14/06/2024,1085,603030040000000,,M0704,VINCHA BLANCA,.,.,,03/09/2024,UNI,0,14/06/2024,2,03/09/2024,2,0,,15,0,,
14/09/2024,1082,606017860000000,,P0283,PACK ALMOHADILLA CUELLO+ACEITE ESENCIAL JUNIO 2024,.,.,,18/09/2024,UNI,0,18/09/2024,1,14/09/2024,1,0,,129.9,0,,